id_utente1;id_utente2;...;id_utenteN;giorno;id_stanza
34;59;166;155;58;72;154;168;236;214;180;127;112;201;54;49;16;148;68;185;106;140;116;70;2;48;66;133;209;77;04/01/2018;0
14;38;04/01/2018;1
13;177;04/01/2018;2
212;8;71;04/01/2018;3
12;228;04/01/2018;4
6;95;97;219;04/01/2018;5
165;205;11;56;118;04/01/2018;6
167;60;10;80;105;04/01/2018;7
235;3;182;04/01/2018;8
1;42;84;04/01/2018;9
4;123;90;85;231;215;98;103;193;199;27;74;73;64;165;36;86;135;134;40;142;234;33;53;63;92;163;207;56;118;08/01/2018;0
3;182;08/01/2018;1
1;82;230;08/01/2018;2
144;7;148;161;214;08/01/2018;3
58;75;83;19;146;08/01/2018;4
151;0;141;206;157;08/01/2018;5
106;5;101;08/01/2018;6
108;12;187;08/01/2018;7
6;30;08/01/2018;8
116;159;2;44;08/01/2018;9
165;222;83;170;174;45;33;213;19;58;7;205;90;207;238;177;11;160;59;55;50;76;179;71;73;60;48;188;0;62;11/01/2018;0
182;20;3;89;11/01/2018;1
228;93;108;12;65;11/01/2018;2
31;6;95;176;11/01/2018;3
70;9;68;145;11/01/2018;4
117;2;229;237;11/01/2018;5
18;21;11/01/2018;6
5;101;106;11/01/2018;7
4;34;128;11/01/2018;8
152;16;67;11/01/2018;9
231;127;88;109;116;35;185;184;103;71;173;18;139;182;92;36;230;110;40;112;131;86;170;221;100;145;198;45;74;20;13/01/2018;0
5;69;13/01/2018;1
43;164;153;6;61;13/01/2018;2
13;177;13/01/2018;3
11;238;13/01/2018;4
7;107;174;13/01/2018;5
15;193;199;178;13/01/2018;6
10;73;80;13/01/2018;7
19;83;13/01/2018;8
0;150;66;48;129;13/01/2018;9
141;215;25;110;0;212;14;205;99;58;159;103;96;210;29;233;129;188;48;78;137;186;117;57;84;124;123;74;152;55;14/01/2018;0
24;220;3;143;14/01/2018;1
196;228;187;12;108;14/01/2018;2
5;132;101;14/01/2018;3
6;115;31;164;14/01/2018;4
18;92;221;231;14/01/2018;5
73;10;197;14/01/2018;6
13;177;14/01/2018;7
4;185;14/01/2018;8
218;179;189;7;144;14/01/2018;9
206;44;142;7;67;70;131;55;111;162;155;49;16;86;174;35;30;164;129;88;130;140;37;33;159;97;211;150;14;152;15/01/2018;0
10;105;207;80;64;15/01/2018;1
81;54;69;5;203;15/01/2018;2
32;238;11;213;15/01/2018;3
19;57;15/01/2018;4
147;1;42;230;15/01/2018;5
8;200;188;225;172;15/01/2018;6
13;177;15/01/2018;7
227;184;24;3;220;15/01/2018;8
178;15;199;137;193;15/01/2018;9
174;96;109;214;229;116;49;28;157;48;39;113;195;164;127;178;52;119;65;91;176;63;199;31;165;45;115;13;187;25;16/01/2018;0
67;16;47;16/01/2018;1
5;81;16/01/2018;2
9;68;16/01/2018;3
8;71;16/01/2018;4
4;51;16/01/2018;5
3;182;16/01/2018;6
126;18;36;92;16/01/2018;7
10;167;16/01/2018;8
1;230;139;16/01/2018;9
110;93;108;151;216;90;55;162;56;41;102;190;142;177;228;67;157;128;212;155;38;23;32;213;203;51;238;159;0;74;17/01/2018;0
15;137;17/01/2018;1
17;49;98;17/01/2018;2
6;79;219;113;17/01/2018;3
197;10;207;105;17/01/2018;4
158;3;184;143;17/01/2018;5
201;19;83;136;17/01/2018;6
189;7;107;174;17/01/2018;7
147;84;42;1;82;17/01/2018;8
18;22;92;77;17/01/2018;9
235;126;192;121;23;149;157;132;20;61;179;165;106;127;141;221;97;140;9;72;86;115;144;227;200;166;92;160;162;218;18/01/2018;0
19;57;62;96;59;18/01/2018;1
93;12;26;228;18/01/2018;2
14;239;39;18/01/2018;3
73;10;197;94;18/01/2018;4
209;215;16;41;18/01/2018;5
13;177;18/01/2018;6
2;229;18/01/2018;7
1;139;18/01/2018;8
15;222;199;18/01/2018;9
61;101;176;88;130;81;155;179;15;131;151;217;42;144;124;21;72;224;134;163;67;206;114;5;107;231;106;40;48;178;20/01/2018;0
86;216;9;145;20/01/2018;1
59;91;19;186;20/01/2018;2
93;12;187;228;196;20/01/2018;3
11;32;90;20/01/2018;4
10;207;20/01/2018;5
200;225;170;8;29;20/01/2018;6
3;125;227;235;24;20/01/2018;7
13;177;20/01/2018;8
2;175;20/01/2018;9
158;146;234;54;235;106;74;185;3;25;84;105;49;34;69;154;104;220;224;172;201;33;39;136;4;132;51;228;80;93;24/01/2018;0
180;7;161;24/01/2018;1
9;233;24/01/2018;2
206;111;0;141;24/01/2018;3
31;6;95;61;24/01/2018;4
16;138;24/01/2018;5
13;177;24/01/2018;6
18;163;21;92;22;24/01/2018;7
229;2;109;116;208;24/01/2018;8
11;213;204;32;24/01/2018;9
202;205;4;184;152;178;192;32;110;194;230;84;165;227;185;167;203;234;16;88;134;140;69;81;131;17;231;236;104;158;28/01/2018;0
175;159;2;195;109;28/01/2018;1
33;14;169;38;223;28/01/2018;2
6;97;43;28/01/2018;3
55;151;0;130;157;28/01/2018;4
65;12;108;93;28/01/2018;5
8;50;28/01/2018;6
13;177;28/01/2018;7
62;75;19;58;28/01/2018;8
7;148;122;133;218;28/01/2018;9
77;236;93;98;31;3;121;224;27;206;102;119;48;81;157;108;22;88;232;209;237;185;225;172;203;100;17;106;159;150;30/01/2018;0
15;99;137;30/01/2018;1
19;83;30/01/2018;2
9;68;140;30/01/2018;3
1;230;30/01/2018;4
73;60;10;104;30/01/2018;5
7;226;30/01/2018;6
13;177;30/01/2018;7
124;103;14;239;30/01/2018;8
32;11;213;30/01/2018;9
59;41;96;201;130;68;203;205;237;165;132;146;208;187;227;111;82;81;12;1;168;129;154;3;158;90;196;53;186;159;02/02/2018;0
4;166;02/02/2018;1
14;169;02/02/2018;2
7;107;02/02/2018;3
126;131;18;236;72;02/02/2018;4
6;97;02/02/2018;5
212;8;190;181;172;02/02/2018;6
13;177;02/02/2018;7
15;28;123;63;178;02/02/2018;8
17;46;173;02/02/2018;9
123;37;46;65;191;229;124;216;140;161;146;70;49;187;117;19;226;195;33;13;91;186;178;139;223;101;239;99;173;132;03/02/2018;0
66;0;206;119;03/02/2018;1
4;40;03/02/2018;2
16;171;03/02/2018;3
32;11;90;192;23;03/02/2018;4
10;207;03/02/2018;5
8;190;172;03/02/2018;6
18;131;21;126;36;03/02/2018;7
6;79;61;03/02/2018;8
227;89;3;220;143;03/02/2018;9
11;91;186;162;71;23;75;127;57;199;29;129;48;88;181;4;209;62;124;67;152;201;238;144;168;225;99;217;55;50;04/02/2018;0
10;73;04/02/2018;1
149;6;95;211;04/02/2018;2
108;12;228;93;04/02/2018;3
81;5;54;04/02/2018;4
2;37;04/02/2018;5
9;70;35;04/02/2018;6
42;147;1;230;04/02/2018;7
3;125;04/02/2018;8
13;177;04/02/2018;9
48;41;220;177;216;198;167;234;196;169;171;67;180;50;45;7;60;107;174;64;35;17;98;127;215;0;148;33;89;152;05/02/2018;0
82;1;139;05/02/2018;1
2;44;05/02/2018;2
19;76;05/02/2018;3
213;238;204;11;192;05/02/2018;4
4;88;185;05/02/2018;5
61;6;149;05/02/2018;6
203;81;5;106;132;05/02/2018;7
15;137;05/02/2018;8
221;236;36;18;21;05/02/2018;9
159;6;94;30;35;59;84;57;212;58;177;195;63;61;42;149;237;199;14;140;158;83;53;223;103;229;139;232;188;8;06/02/2018;0
12;228;06/02/2018;1
18;236;06/02/2018;2
51;185;4;128;134;06/02/2018;3
17;49;46;06/02/2018;4
5;132;06/02/2018;5
226;179;161;7;122;06/02/2018;6
55;0;157;06/02/2018;7
56;11;165;06/02/2018;8
155;16;215;138;06/02/2018;9
41;99;9;169;182;105;23;124;164;60;149;210;54;16;14;81;94;215;69;104;88;110;3;4;219;28;78;138;86;115;07/02/2018;0
0;66;157;07/02/2018;1
1;230;84;147;07/02/2018;2
57;19;91;58;07/02/2018;3
214;174;226;7;107;07/02/2018;4
18;131;236;221;77;07/02/2018;5
12;26;93;108;07/02/2018;6
2;37;07/02/2018;7
17;45;217;07/02/2018;8
8;212;181;188;170;07/02/2018;9
82;149;22;126;164;158;147;86;5;71;20;196;236;110;61;176;36;183;34;221;182;89;35;65;224;8;51;184;69;132;08/02/2018;0
19;201;08/02/2018;1
14;39;08/02/2018;2
155;78;47;16;27;08/02/2018;3
63;15;99;194;08/02/2018;4
204;192;11;56;08/02/2018;5
0;130;150;08/02/2018;6
2;112;08/02/2018;7
10;80;167;08/02/2018;8
161;7;179;08/02/2018;9
192;12;7;234;96;196;26;106;91;84;118;2;179;162;57;237;214;76;186;55;56;10;23;59;216;157;105;5;180;174;09/02/2018;0
8;212;09/02/2018;1
16;67;78;155;215;09/02/2018;2
14;33;38;52;09/02/2018;3
45;46;17;121;98;09/02/2018;4
3;198;09/02/2018;5
18;77;131;22;221;09/02/2018;6
15;194;09/02/2018;7
6;87;115;09/02/2018;8
88;166;4;51;09/02/2018;9
1;194;42;69;8;61;82;121;87;118;30;205;196;70;193;187;181;172;153;84;216;123;114;54;200;43;47;35;5;115;13/02/2018;0
4;185;183;40;13/02/2018;1
125;3;235;13/02/2018;2
13;177;13/02/2018;3
77;236;18;22;13/02/2018;4
14;124;52;13/02/2018;5
180;7;214;13/02/2018;6
55;0;206;150;13/02/2018;7
85;10;80;73;13/02/2018;8
19;91;136;76;186;13/02/2018;9
219;80;44;187;153;37;208;227;229;81;155;216;231;108;203;9;13;176;26;89;53;177;94;220;202;207;209;110;85;120;15/02/2018;0
48;0;66;15/02/2018;1
189;122;7;180;148;15/02/2018;2
57;19;91;15/02/2018;3
124;14;169;33;15/02/2018;4
4;34;51;15/02/2018;5
1;84;82;15/02/2018;6
17;98;49;15/02/2018;7
15;178;123;193;194;15/02/2018;8
8;190;15/02/2018;9
45;127;133;15;158;227;151;186;224;106;117;238;42;180;5;122;59;91;114;214;17;204;118;111;62;229;32;69;96;44;16/02/2018;0
16;171;16/02/2018;1
9;216;70;110;16/02/2018;2
236;18;163;16/02/2018;3
12;93;16/02/2018;4
8;181;16/02/2018;5
14;103;239;16/02/2018;6
142;4;134;88;16/02/2018;7
197;10;85;105;16/02/2018;8
97;6;115;16/02/2018;9
47;4;51;148;138;86;66;122;106;132;127;102;217;5;151;85;185;46;112;69;64;196;104;54;12;173;116;55;65;180;21/02/2018;0
8;71;29;21/02/2018;1
149;6;61;79;21/02/2018;2
139;1;82;230;42;21/02/2018;3
11;213;21/02/2018;4
18;221;21/02/2018;5
3;158;21/02/2018;6
14;124;21/02/2018;7
123;15;99;28;199;21/02/2018;8
19;191;25;21/02/2018;9
184;173;182;93;78;195;142;216;228;208;159;110;5;24;117;73;116;60;225;44;10;198;121;68;4;29;50;158;237;138;22/02/2018;0
6;176;61;22/02/2018;1
18;72;163;36;22/02/2018;2
174;7;226;144;22/02/2018;3
239;14;223;124;103;22/02/2018;4
13;177;22/02/2018;5
123;15;63;22/02/2018;6
118;11;23;192;22/02/2018;7
111;141;0;55;22/02/2018;8
19;76;83;22/02/2018;9
137;54;123;169;15;203;133;12;210;65;7;124;193;132;127;138;231;74;155;46;81;144;87;187;92;180;43;152;72;86;24/02/2018;0
19;136;201;24/02/2018;1
230;1;139;24/02/2018;2
3;198;24/02/2018;3
8;50;24/02/2018;4
4;156;128;51;24/02/2018;5
10;94;24/02/2018;6
11;32;118;205;238;24/02/2018;7
37;2;117;24/02/2018;8
206;150;0;48;24/02/2018;9
82;24;103;23;1;38;42;125;121;143;74;217;91;166;47;51;32;3;53;69;224;134;16;4;139;184;162;106;204;136;25/02/2018;0
61;6;120;95;25/02/2018;1
8;232;170;25/02/2018;2
12;196;93;187;25/02/2018;3
13;177;25/02/2018;4
18;231;25/02/2018;5
7;214;25/02/2018;6
123;15;99;193;25/02/2018;7
195;2;208;116;109;25/02/2018;8
10;207;25/02/2018;9
223;15;178;23;79;143;149;100;109;14;213;97;71;11;94;114;164;50;32;103;220;207;115;137;37;29;199;187;26;60;28/02/2018;0
0;129;119;28/02/2018;1
9;53;110;28/02/2018;2
84;147;42;1;82;28/02/2018;3
4;142;156;40;28/02/2018;4
218;7;174;28/02/2018;5
58;191;91;19;96;28/02/2018;6
16;152;28/02/2018;7
17;224;28/02/2018;8
18;163;28/02/2018;9
7;127;21;148;50;191;210;145;49;166;214;194;173;201;174;193;43;172;236;77;164;8;163;9;65;97;6;110;224;113;01/03/2018;0
0;160;01/03/2018;1
103;14;124;01/03/2018;2
69;5;106;81;101;01/03/2018;3
235;3;89;125;24;01/03/2018;4
13;177;01/03/2018;5
11;204;192;01/03/2018;6
16;67;01/03/2018;7
2;37;208;159;100;01/03/2018;8
1;42;230;139;82;01/03/2018;9
148;31;18;10;236;125;172;212;77;133;22;89;146;235;197;231;62;2;39;58;182;184;187;122;149;219;103;85;3;164;05/03/2018;0
166;128;4;183;05/03/2018;1
106;5;114;05/03/2018;2
151;129;0;55;119;05/03/2018;3
9;216;53;05/03/2018;4
192;11;238;202;05/03/2018;5
84;1;82;42;05/03/2018;6
13;177;05/03/2018;7
16;67;05/03/2018;8
178;28;15;123;05/03/2018;9
14;76;188;5;67;212;96;132;70;118;130;205;52;74;84;192;110;152;103;81;233;206;26;186;98;90;157;165;53;170;06/03/2018;0
7;174;06/03/2018;1
2;102;175;112;06/03/2018;2
18;36;236;22;06/03/2018;3
6;31;95;120;87;06/03/2018;4
3;20;06/03/2018;5
13;177;06/03/2018;6
10;73;06/03/2018;7
222;15;63;194;178;06/03/2018;8
4;34;88;135;134;06/03/2018;9
64;164;219;43;189;116;94;206;49;151;113;66;231;144;175;80;205;4;204;37;92;23;17;31;82;149;156;1;79;228;07/03/2018;0
209;138;171;16;215;07/03/2018;1
13;177;07/03/2018;2
3;227;20;07/03/2018;3
190;8;71;172;07/03/2018;4
223;39;14;124;52;07/03/2018;5
233;53;110;9;86;07/03/2018;6
76;154;19;59;07/03/2018;7
222;15;99;193;07/03/2018;8
101;69;81;5;114;07/03/2018;9
219;200;172;177;162;115;35;207;30;38;68;85;223;121;104;81;73;5;8;119;193;33;98;167;210;127;181;10;41;239;08/03/2018;0
25;19;96;76;08/03/2018;1
88;51;4;142;08/03/2018;2
1;82;42;08/03/2018;3
2;109;102;195;117;08/03/2018;4
12;187;08/03/2018;5
3;182;89;125;143;08/03/2018;6
18;231;77;92;131;08/03/2018;7
7;122;08/03/2018;8
204;90;11;205;118;08/03/2018;9
87;178;230;88;127;131;101;15;71;55;111;228;46;97;221;32;6;77;236;56;28;153;222;137;135;170;132;200;217;202;10/03/2018;0
19;62;10/03/2018;1
13;177;10/03/2018;2
2;37;116;10/03/2018;3
7;189;10/03/2018;4
9;35;210;10/03/2018;5
3;227;10/03/2018;6
16;78;215;27;10/03/2018;7
10;234;85;105;64;10/03/2018;8
239;223;39;14;169;10/03/2018;9
59;189;232;177;43;71;123;237;31;117;172;4;134;6;239;146;138;175;215;28;62;170;20;57;148;112;39;58;190;191;11/03/2018;0
17;127;173;11/03/2018;1
1;147;11/03/2018;2
140;86;9;70;11/03/2018;3
18;72;21;126;11/03/2018;4
5;101;11/03/2018;5
94;234;10;167;105;11/03/2018;6
12;26;196;108;228;11/03/2018;7
11;90;192;11/03/2018;8
0;111;11/03/2018;9
32;98;135;7;11;118;109;54;127;204;121;223;64;6;106;104;101;34;124;81;174;177;226;18;214;90;2;117;163;207;12/03/2018;0
12;196;108;187;12/03/2018;1
19;58;62;12/03/2018;2
41;16;67;209;12/03/2018;3
216;9;140;12/03/2018;4
8;212;12/03/2018;5
0;162;55;12/03/2018;6
198;3;125;12/03/2018;7
222;15;193;123;199;12/03/2018;8
147;1;84;139;12/03/2018;9
106;6;19;132;201;115;218;210;26;13;11;12;42;204;88;153;145;135;32;238;86;51;7;62;147;91;226;183;205;97;13/03/2018;0
37;2;175;195;13/03/2018;1
16;171;13/03/2018;2
17;121;46;13/03/2018;3
3;89;13/03/2018;4
14;223;39;124;103;13/03/2018;5
222;15;178;199;99;13/03/2018;6
80;10;104;94;167;13/03/2018;7
8;170;181;232;29;13/03/2018;8
151;0;129;206;13/03/2018;9
102;209;27;189;90;165;106;82;19;231;148;13;37;132;34;210;131;171;215;9;42;54;109;69;58;163;175;18;226;214;15/03/2018;0
15;194;15/03/2018;1
43;6;176;79;153;15/03/2018;2
14;52;33;124;39;15/03/2018;3
3;198;15/03/2018;4
93;12;65;196;15/03/2018;5
217;17;173;15/03/2018;6
0;111;15/03/2018;7
200;190;8;170;225;15/03/2018;8
10;105;15/03/2018;9
54;218;148;166;28;2;68;44;51;144;40;87;63;161;187;34;136;152;222;209;210;176;100;6;62;67;35;186;115;199;21/03/2018;0
10;80;21/03/2018;1
3;125;21/03/2018;2
150;141;111;0;55;21/03/2018;3
1;147;42;84;139;21/03/2018;4
8;225;188;29;21/03/2018;5
13;177;21/03/2018;6
173;224;49;17;217;21/03/2018;7
18;92;21/03/2018;8
204;11;118;21/03/2018;9
186;208;219;75;195;115;229;116;83;41;73;53;80;193;62;96;76;94;237;2;4;164;97;216;38;226;156;59;99;218;22/03/2018;0
5;81;22/03/2018;1
98;17;217;22/03/2018;2
236;221;163;18;72;22/03/2018;3
1;139;42;230;84;22/03/2018;4
11;56;22/03/2018;5
8;225;22/03/2018;6
13;177;22/03/2018;7
184;3;235;143;22/03/2018;8
0;162;22/03/2018;9
55;28;24;2;208;238;192;107;40;130;134;209;38;103;17;50;71;116;111;119;189;175;229;51;66;56;15;173;152;170;23/03/2018;0
19;154;23/03/2018;1
13;177;23/03/2018;2
97;87;6;115;23/03/2018;3
5;132;203;23/03/2018;4
10;197;23/03/2018;5
1;82;42;147;23/03/2018;6
210;110;9;68;35;23/03/2018;7
108;187;12;26;23/03/2018;8
18;163;23/03/2018;9
38;173;20;29;46;123;124;28;117;141;208;225;161;17;3;190;71;195;179;193;172;217;181;213;100;32;125;198;82;232;24/03/2018;0
5;132;114;24/03/2018;1
18;22;24/03/2018;2
149;6;211;164;97;24/03/2018;3
93;12;108;65;187;24/03/2018;4
167;10;104;24/03/2018;5
34;4;40;24/03/2018;6
27;16;215;24/03/2018;7
83;19;96;62;24/03/2018;8
216;9;68;70;24/03/2018;9
24;190;38;71;103;185;184;0;65;143;161;157;61;164;91;58;39;31;97;186;62;50;96;177;189;196;219;79;66;142;27/03/2018;0
9;110;68;35;27/03/2018;1
10;80;27/03/2018;2
17;127;121;46;217;27/03/2018;3
18;21;27/03/2018;4
5;101;81;27/03/2018;5
215;16;41;47;152;27/03/2018;6
2;116;237;27/03/2018;7
11;202;27/03/2018;8
137;15;194;27/03/2018;9
137;232;35;114;51;125;163;123;220;143;203;132;238;7;11;69;122;181;90;49;46;174;106;92;56;235;133;127;239;45;28/03/2018;0
2;237;117;208;116;28/03/2018;1
0;157;28/03/2018;2
13;177;28/03/2018;3
6;219;30;120;28/03/2018;4
19;75;28/03/2018;5
78;16;138;67;47;28/03/2018;6
10;73;28/03/2018;7
65;12;196;28/03/2018;8
1;139;42;82;147;28/03/2018;9
109;49;74;147;151;198;160;200;180;226;181;104;10;129;179;26;98;225;48;108;219;73;111;218;120;235;143;167;214;80;30/03/2018;0
69;5;81;132;30/03/2018;1
19;83;30/03/2018;2
77;18;22;30/03/2018;3
205;238;11;118;30/03/2018;4
13;177;30/03/2018;5
9;53;30/03/2018;6
16;67;30/03/2018;7
4;34;166;30/03/2018;8
15;28;30/03/2018;9
47;205;126;25;128;53;9;18;86;144;231;101;27;117;146;7;133;173;165;121;152;19;16;217;168;88;177;142;179;92;31/03/2018;0
120;61;6;87;31/03/2018;1
15;28;31/03/2018;2
10;73;31/03/2018;3
3;220;31/03/2018;4
74;14;124;31/03/2018;5
65;12;93;31/03/2018;6
8;29;232;31/03/2018;7
1;84;147;42;31/03/2018;8
0;119;31/03/2018;9
41;198;68;171;130;84;217;5;56;213;53;96;118;24;152;156;150;32;58;88;228;142;165;182;155;224;75;26;57;233;02/04/2018;0
179;122;226;7;180;02/04/2018;1
63;15;123;02/04/2018;2
95;87;6;211;02/04/2018;3
13;177;02/04/2018;4
10;197;85;02/04/2018;5
2;208;112;117;02/04/2018;6
236;21;18;131;126;02/04/2018;7
239;14;33;52;02/04/2018;8
172;188;8;181;02/04/2018;9
101;24;35;185;110;156;183;171;51;163;132;118;155;58;131;136;18;67;231;69;4;138;72;221;36;213;140;116;21;230;03/04/2018;0
14;74;03/04/2018;1
64;94;10;104;85;03/04/2018;2
17;217;121;224;03/04/2018;3
87;219;120;6;149;03/04/2018;4
107;148;7;180;179;03/04/2018;5
141;0;119;03/04/2018;6
13;177;03/04/2018;7
12;196;65;108;26;03/04/2018;8
170;8;71;03/04/2018;9
105;35;23;93;86;233;141;196;230;207;104;156;4;217;135;70;64;128;55;194;178;197;101;45;139;40;145;204;26;173;04/04/2018;0
186;19;75;146;58;04/04/2018;1
198;20;182;3;24;04/04/2018;2
6;30;153;31;04/04/2018;3
77;18;231;04/04/2018;4
7;189;144;04/04/2018;5
239;103;14;74;124;04/04/2018;6
13;177;04/04/2018;7
16;215;04/04/2018;8
190;8;225;71;212;04/04/2018;9
101;31;165;184;203;133;161;218;157;117;2;24;213;99;111;193;205;238;230;88;178;84;48;106;202;151;125;56;79;5;06/04/2018;0
39;239;14;38;103;06/04/2018;1
201;19;62;06/04/2018;2
12;196;93;228;26;06/04/2018;3
232;8;71;190;06/04/2018;4
140;9;216;233;06/04/2018;5
17;173;06/04/2018;6
197;10;104;234;85;06/04/2018;7
18;77;236;126;06/04/2018;8
16;78;06/04/2018;9
194;34;120;87;88;201;209;113;231;59;53;172;163;108;47;185;207;12;18;188;15;190;196;197;92;76;222;131;145;67;08/04/2018;0
169;74;14;52;124;08/04/2018;1
182;3;24;08/04/2018;2
7;180;122;08/04/2018;3
0;157;08/04/2018;4
2;112;116;08/04/2018;5
17;173;49;217;08/04/2018;6
5;203;08/04/2018;7
213;11;32;205;08/04/2018;8
139;230;1;147;08/04/2018;9
125;39;108;208;124;147;2;20;42;21;160;170;106;145;65;54;162;109;88;34;22;14;210;103;157;8;156;130;74;3;10/04/2018;0
16;78;10/04/2018;1
17;173;10/04/2018;2
13;177;10/04/2018;3
73;197;104;10;64;10/04/2018;4
6;97;120;10/04/2018;5
15;137;199;10/04/2018;6
32;11;23;192;10/04/2018;7
83;19;59;10/04/2018;8
7;122;10/04/2018;9
120;197;9;178;221;94;181;157;134;140;128;141;119;10;206;79;126;176;28;193;31;172;8;40;204;48;42;87;153;167;13/04/2018;0
132;5;106;13/04/2018;1
218;7;189;226;122;13/04/2018;2
37;237;116;2;117;13/04/2018;3
49;17;173;13/04/2018;4
16;155;47;152;13/04/2018;5
24;3;182;20;198;13/04/2018;6
19;96;83;146;58;13/04/2018;7
13;177;13/04/2018;8
14;239;13/04/2018;9
145;80;86;15;10;180;147;64;167;133;134;23;1;207;7;131;223;14;142;9;92;103;222;163;165;46;161;88;233;74;15/04/2018;0
19;91;76;15/04/2018;1
195;2;116;15/04/2018;2
55;48;0;157;160;15/04/2018;3
12;108;187;15/04/2018;4
181;8;190;15/04/2018;5
30;6;43;115;15/04/2018;6
5;106;69;15/04/2018;7
16;209;67;15/04/2018;8
182;3;220;198;143;15/04/2018;9
151;181;196;25;100;236;72;86;88;140;182;160;4;143;40;71;136;37;165;202;172;227;102;206;131;119;35;188;175;213;17/04/2018;0
42;1;82;230;17/04/2018;1
17;121;224;127;49;17/04/2018;2
10;85;17/04/2018;3
16;155;17/04/2018;4
54;5;114;17/04/2018;5
14;39;33;17/04/2018;6
153;6;31;17/04/2018;7
226;7;133;17/04/2018;8
13;177;17/04/2018;9
111;57;201;169;129;238;27;160;157;173;124;209;127;2;69;41;171;44;168;96;186;73;197;85;116;234;125;165;103;39;18/04/2018;0
12;196;108;18/04/2018;1
63;15;222;18/04/2018;2
179;7;189;133;226;18/04/2018;3
79;6;30;18/04/2018;4
128;4;185;18/04/2018;5
9;70;18/04/2018;6
225;8;188;71;172;18/04/2018;7
1;42;18/04/2018;8
231;72;18;221;18/04/2018;9
101;41;182;21;170;31;3;122;118;107;16;195;22;115;95;235;32;183;125;216;88;72;211;190;176;100;210;142;179;226;19/04/2018;0
80;10;85;207;19/04/2018;1
1;230;19/04/2018;2
19;168;59;19/04/2018;3
14;103;19/04/2018;4
13;177;19/04/2018;5
12;196;187;19/04/2018;6
0;55;19/04/2018;7
15;222;178;123;19/04/2018;8
17;217;19/04/2018;9
87;5;57;80;173;84;68;54;103;170;127;124;239;6;52;13;186;230;224;50;82;74;58;91;228;190;45;217;94;187;21/04/2018;0
4;185;21/04/2018;1
137;15;199;21/04/2018;2
16;155;67;21/04/2018;3
11;192;21/04/2018;4
44;2;109;21/04/2018;5
3;184;21/04/2018;6
122;218;7;174;148;21/04/2018;7
72;221;18;163;21/04/2018;8
157;0;206;160;21/04/2018;9
190;10;115;153;24;31;114;143;89;147;87;220;132;105;216;172;71;177;80;239;63;14;84;225;18;169;230;35;1;227;22/04/2018;0
155;16;47;152;138;22/04/2018;1
12;196;93;22/04/2018;2
2;175;112;22/04/2018;3
173;17;217;46;22/04/2018;4
7;179;22/04/2018;5
19;75;22/04/2018;6
11;213;118;22/04/2018;7
166;88;4;135;22/04/2018;8
0;48;111;151;130;22/04/2018;9
154;145;201;233;230;42;5;142;116;106;44;143;114;40;182;80;51;88;229;140;84;27;9;234;1;235;159;237;16;83;24/04/2018;0
123;15;199;24/04/2018;1
66;0;48;162;150;24/04/2018;2
18;163;24/04/2018;3
173;17;217;127;24/04/2018;4
14;239;74;24/04/2018;5
113;6;87;61;24/04/2018;6
8;29;190;24/04/2018;7
11;23;24/04/2018;8
179;174;7;161;24/04/2018;9
140;72;32;101;202;40;163;81;191;169;145;197;11;26;124;76;192;38;45;142;118;21;51;183;9;39;18;114;234;46;25/04/2018;0
193;15;63;25/04/2018;1
218;7;161;148;25/04/2018;2
3;235;25/04/2018;3
102;2;109;37;25/04/2018;4
157;119;0;130;25/04/2018;5
8;232;25/04/2018;6
47;209;16;67;138;25/04/2018;7
97;6;31;87;120;25/04/2018;8
13;177;25/04/2018;9
145;26;146;224;87;95;127;140;50;178;172;91;44;23;144;102;12;76;57;200;161;99;181;101;8;108;15;96;180;226;28/04/2018;0
1;42;147;82;230;28/04/2018;1
166;4;134;142;28/04/2018;2
16;27;41;171;28/04/2018;3
13;177;28/04/2018;4
14;33;28/04/2018;5
125;3;143;227;182;28/04/2018;6
0;130;28/04/2018;7
18;21;28/04/2018;8
10;80;28/04/2018;9
100;182;232;75;113;158;200;50;37;4;143;178;111;194;40;237;162;25;2;82;186;219;170;197;73;88;175;84;91;177;30/04/2018;0
7;174;189;179;30/04/2018;1
224;17;49;30/04/2018;2
9;86;53;210;30/04/2018;3
12;228;30/04/2018;4
5;101;30/04/2018;5
16;138;30/04/2018;6
18;92;30/04/2018;7
14;103;52;30/04/2018;8
11;23;118;30/04/2018;9
31;208;214;133;106;26;109;58;184;66;93;79;189;54;164;76;5;180;90;220;146;143;182;3;238;65;100;83;59;112;01/05/2018;0
16;209;138;01/05/2018;1
104;167;80;10;85;01/05/2018;2
8;172;01/05/2018;3
9;68;86;01/05/2018;4
51;166;4;142;01/05/2018;5
173;17;45;01/05/2018;6
222;15;63;99;178;01/05/2018;7
103;14;74;52;01/05/2018;8
13;177;01/05/2018;9
164;48;118;183;209;141;90;228;129;105;192;174;224;4;56;13;165;67;151;80;134;122;107;49;206;152;94;219;115;47;02/05/2018;0
110;145;233;9;35;02/05/2018;1
198;3;158;182;02/05/2018;2
57;168;96;19;146;02/05/2018;3
5;106;203;02/05/2018;4
50;8;172;190;02/05/2018;5
14;74;52;38;02/05/2018;6
163;18;231;02/05/2018;7
37;2;102;02/05/2018;8
15;28;193;02/05/2018;9
45;233;184;135;90;14;88;81;203;11;125;74;70;5;148;198;217;7;216;131;21;103;157;66;161;158;231;205;239;86;05/05/2018;0
1;139;42;84;05/05/2018;1
19;59;05/05/2018;2
10;64;05/05/2018;3
6;113;120;176;05/05/2018;4
170;8;190;181;05/05/2018;5
47;67;27;16;171;05/05/2018;6
178;15;193;05/05/2018;7
109;100;237;2;159;05/05/2018;8
26;228;12;187;65;05/05/2018;9
135;68;72;50;114;163;64;238;94;126;26;54;74;23;188;165;219;106;70;225;204;181;51;60;18;95;104;86;216;234;06/05/2018;0
19;62;59;96;146;06/05/2018;1
17;49;06/05/2018;2
220;158;3;198;06/05/2018;3
15;194;06/05/2018;4
16;155;06/05/2018;5
13;177;06/05/2018;6
150;0;141;06/05/2018;7
2;37;06/05/2018;8
7;226;06/05/2018;9
218;130;126;62;177;107;178;111;215;18;179;191;194;222;63;72;171;131;136;138;1;41;180;201;74;239;221;199;139;163;07/05/2018;0
17;46;173;217;07/05/2018;1
158;3;184;07/05/2018;2
6;31;153;07/05/2018;3
10;60;07/05/2018;4
9;110;07/05/2018;5
202;11;238;213;32;07/05/2018;6
2;112;208;109;37;07/05/2018;7
170;71;200;8;190;07/05/2018;8
4;51;07/05/2018;9
69;12;149;157;211;162;135;17;65;41;155;179;87;199;82;134;153;142;51;32;147;95;78;148;137;161;40;88;228;1;08/05/2018;0
73;197;10;104;08/05/2018;1
13;177;08/05/2018;2
37;175;2;44;08/05/2018;3
91;19;186;08/05/2018;4
18;163;08/05/2018;5
9;53;70;68;216;08/05/2018;6
172;8;29;08/05/2018;7
3;125;198;08/05/2018;8
14;38;08/05/2018;9
216;130;160;133;95;91;53;78;56;19;43;69;114;191;87;196;213;218;171;137;68;11;134;57;32;81;148;31;146;178;10/05/2018;0
17;98;127;49;173;10/05/2018;1
2;109;195;159;10/05/2018;2
94;10;105;10/05/2018;3
8;29;10/05/2018;4
139;230;1;147;10/05/2018;5
3;89;184;10/05/2018;6
13;177;10/05/2018;7
18;221;72;126;10/05/2018;8
14;169;239;74;10/05/2018;9
159;37;2;230;62;31;69;60;61;160;169;0;52;48;146;55;97;65;219;64;141;186;239;39;81;10;66;25;94;207;11/05/2018;0
18;92;11/05/2018;1
204;11;90;11/05/2018;2
15;194;11/05/2018;3
40;183;4;34;11/05/2018;4
9;210;35;70;11/05/2018;5
46;17;173;11/05/2018;6
3;198;184;11/05/2018;7
218;7;174;122;179;11/05/2018;8
8;29;212;11/05/2018;9
10;33;36;207;63;101;129;58;184;231;233;124;177;96;54;42;72;20;66;136;94;201;150;163;57;5;222;125;105;76;12/05/2018;0
196;12;228;187;12/05/2018;1
121;17;217;46;49;12/05/2018;2
2;37;229;175;44;12/05/2018;3
16;209;171;47;12/05/2018;4
148;7;133;12/05/2018;5
4;40;12/05/2018;6
6;87;12/05/2018;7
11;56;165;192;118;12/05/2018;8
188;170;8;232;12/05/2018;9
55;116;130;114;49;3;145;38;175;197;66;14;74;193;226;203;70;119;52;106;63;33;239;73;9;44;60;111;107;82;13/05/2018;0
40;4;142;13/05/2018;1
8;172;13/05/2018;2
72;18;221;13/05/2018;3
6;149;13/05/2018;4
11;204;118;56;90;13/05/2018;5
57;96;186;19;62;13/05/2018;6
16;67;13/05/2018;7
13;177;13/05/2018;8
108;93;12;65;13/05/2018;9
177;78;235;234;47;49;81;11;229;174;161;3;125;100;89;102;107;127;224;94;85;237;227;226;20;46;204;38;179;202;15/05/2018;0
15;63;123;15/05/2018;1
4;166;142;51;135;15/05/2018;2
18;236;15/05/2018;3
119;0;66;111;162;15/05/2018;4
145;140;9;53;15/05/2018;5
57;154;19;83;15/05/2018;6
12;196;15/05/2018;7
113;87;6;115;15/05/2018;8
8;232;225;188;15/05/2018;9
3;127;26;18;103;196;65;11;5;90;192;143;147;138;108;163;139;142;74;213;156;202;165;56;166;91;203;82;183;198;16/05/2018;0
6;87;211;176;31;16/05/2018;1
161;226;7;218;133;16/05/2018;2
15;137;16/05/2018;3
8;190;16/05/2018;4
167;234;10;104;85;16/05/2018;5
13;177;16/05/2018;6
9;53;16/05/2018;7
0;55;16/05/2018;8
2;102;195;208;16/05/2018;9
235;1;139;229;213;41;51;183;118;237;200;214;123;215;226;231;138;15;122;20;27;182;223;204;22;209;29;14;4;90;18/05/2018;0
69;203;5;54;18/05/2018;1
64;10;234;18/05/2018;2
6;115;176;18/05/2018;3
13;177;18/05/2018;4
19;83;18/05/2018;5
26;12;65;93;18/05/2018;6
17;45;18/05/2018;7
0;66;18/05/2018;8
70;9;68;86;110;18/05/2018;9
131;136;40;208;52;11;76;83;32;159;12;56;93;23;121;39;37;57;18;89;36;178;163;86;173;58;21;222;185;33;24/05/2018;0
149;6;87;24/05/2018;1
42;139;1;82;24/05/2018;2
0;150;24/05/2018;3
85;197;10;80;73;24/05/2018;4
7;179;24/05/2018;5
16;171;47;215;152;24/05/2018;6
13;177;24/05/2018;7
69;5;54;24/05/2018;8
8;212;188;190;24/05/2018;9
0;77;51;71;57;166;232;35;106;50;157;82;201;101;114;162;210;188;142;216;40;186;18;140;134;194;231;177;55;103;28/05/2018;0
85;10;94;28/05/2018;1
2;100;116;28/05/2018;2
16;47;171;67;28/05/2018;3
6;176;28/05/2018;4
17;173;28/05/2018;5
108;65;12;196;28/05/2018;6
7;218;179;226;28/05/2018;7
32;192;11;204;165;28/05/2018;8
220;89;182;3;20;28/05/2018;9
229;53;126;120;205;23;44;67;224;170;117;198;235;164;209;87;200;159;3;150;129;158;194;178;89;50;56;28;155;16;29/05/2018;0
73;10;104;29/05/2018;1
13;177;29/05/2018;2
203;5;81;29/05/2018;3
187;196;93;12;26;29/05/2018;4
1;139;84;82;42;29/05/2018;5
142;4;166;128;185;29/05/2018;6
14;74;29/05/2018;7
83;19;136;76;29/05/2018;8
7;226;144;218;214;29/05/2018;9
196;93;89;76;171;127;142;155;97;230;136;26;143;158;82;59;186;21;184;213;156;135;113;168;17;149;98;13;51;125;30/05/2018;0
15;137;30/05/2018;1
203;5;132;30/05/2018;2
14;38;39;33;30/05/2018;3
9;216;233;70;86;30/05/2018;4
8;181;30/05/2018;5
73;10;94;30/05/2018;6
189;7;179;30/05/2018;7
2;37;195;30/05/2018;8
55;0;111;162;30/05/2018;9
52;44;8;70;100;7;88;154;132;99;81;146;191;116;91;51;225;213;237;29;101;202;74;179;107;37;25;137;218;136;31/05/2018;0
10;207;31/05/2018;1
17;45;173;31/05/2018;2
0;151;160;129;206;31/05/2018;3
230;1;139;31/05/2018;4
12;228;108;196;65;31/05/2018;5
231;18;126;31/05/2018;6
143;184;3;182;31/05/2018;7
47;16;138;215;155;31/05/2018;8
6;120;31/05/2018;9
226;183;116;133;230;216;66;71;115;107;0;142;40;233;111;31;95;180;228;153;26;140;121;162;35;108;119;79;13;53;01/06/2018;0
123;15;178;199;63;01/06/2018;1
3;89;220;235;20;01/06/2018;2
105;10;60;01/06/2018;3
16;47;01/06/2018;4
33;14;39;223;01/06/2018;5
11;238;32;205;204;01/06/2018;6
19;91;01/06/2018;7
5;114;01/06/2018;8
18;236;221;01/06/2018;9
228;130;57;108;226;132;47;211;77;168;181;29;31;129;161;95;201;1;26;19;191;179;209;232;50;172;186;111;113;18;03/06/2018;0
53;86;9;216;03/06/2018;1
207;94;10;104;03/06/2018;2
14;223;03/06/2018;3
198;3;235;03/06/2018;4
15;222;03/06/2018;5
11;204;238;118;03/06/2018;6
2;208;116;03/06/2018;7
134;166;4;142;03/06/2018;8
17;45;03/06/2018;9
175;7;218;130;178;204;212;107;157;158;114;120;35;144;3;5;100;6;206;61;176;113;116;203;160;87;190;149;70;37;05/06/2018;0
14;39;05/06/2018;1
82;1;84;42;147;05/06/2018;2
108;12;93;187;228;05/06/2018;3
168;19;201;59;05/06/2018;4
13;177;05/06/2018;5
4;183;05/06/2018;6
41;16;171;05/06/2018;7
17;121;05/06/2018;8
10;105;05/06/2018;9
209;110;164;63;5;116;30;12;19;152;129;6;146;123;211;20;115;31;70;41;108;38;2;0;96;145;25;106;149;47;07/06/2018;0
8;71;200;07/06/2018;1
90;213;11;202;07/06/2018;2
7;179;226;144;07/06/2018;3
142;4;134;88;07/06/2018;4
17;127;98;07/06/2018;5
1;230;84;147;42;07/06/2018;6
13;177;07/06/2018;7
207;234;10;167;07/06/2018;8
231;18;72;07/06/2018;9
161;54;5;99;175;46;224;192;193;41;174;26;215;203;152;108;204;38;79;227;11;125;106;7;213;165;6;95;205;115;11/06/2018;0
13;177;11/06/2018;1
18;72;11/06/2018;2
190;8;172;11/06/2018;3
1;147;11/06/2018;4
9;35;145;233;216;11/06/2018;5
4;40;11/06/2018;6
151;0;119;150;111;11/06/2018;7
234;10;64;11/06/2018;8
19;91;11/06/2018;9
3;202;176;205;231;118;77;131;198;38;24;191;108;34;91;58;102;185;29;211;126;195;200;109;72;83;100;172;146;225;13/06/2018;0
0;129;162;66;13/06/2018;1
1;230;13/06/2018;2
13;177;13/06/2018;3
233;210;68;9;53;13/06/2018;4
17;224;13/06/2018;5
15;178;13/06/2018;6
5;54;101;132;13/06/2018;7
144;179;7;161;13/06/2018;8
41;47;209;16;215;13/06/2018;9
46;123;36;173;114;196;143;179;126;220;181;199;107;182;78;222;121;108;14;171;228;41;133;67;138;236;125;69;21;193;14/06/2018;0
130;0;66;157;111;14/06/2018;1
219;6;31;149;153;14/06/2018;2
9;216;70;145;35;14/06/2018;3
4;34;185;14/06/2018;4
13;177;14/06/2018;5
165;11;192;56;238;14/06/2018;6
57;19;62;91;83;14/06/2018;7
37;195;237;2;117;14/06/2018;8
10;73;14/06/2018;9
227;105;209;153;235;231;126;103;18;200;190;71;217;206;79;129;95;65;143;78;127;41;21;115;182;66;119;80;164;108;15/06/2018;0
112;116;2;44;15/06/2018;1
81;114;5;106;15/06/2018;2
7;174;214;161;226;15/06/2018;3
56;11;204;15/06/2018;4
57;25;19;76;15/06/2018;5
13;177;15/06/2018;6
15;199;123;194;15/06/2018;7
9;70;210;110;15/06/2018;8
4;51;166;15/06/2018;9
58;210;226;66;233;69;220;161;184;48;89;173;45;107;222;177;196;146;129;49;191;132;223;63;91;114;28;38;122;145;16/06/2018;0
4;34;16/06/2018;1
10;207;16/06/2018;2
16;152;209;16/06/2018;3
219;6;97;16/06/2018;4
18;21;22;16/06/2018;5
2;208;16/06/2018;6
11;56;90;205;32;16/06/2018;7
8;71;50;181;16/06/2018;8
230;1;42;16/06/2018;9
131;183;120;209;133;130;6;52;166;157;24;182;206;66;111;135;150;176;214;128;226;189;148;174;219;4;31;198;113;184;17/06/2018;0
140;216;9;145;17/06/2018;1
187;12;65;196;228;17/06/2018;2
15;99;17/06/2018;3
10;197;94;17/06/2018;4
1;147;17/06/2018;5
19;201;17/06/2018;6
106;5;69;17/06/2018;7
11;90;17/06/2018;8
8;188;181;17/06/2018;9
31;226;177;22;70;34;191;154;225;80;190;71;91;234;148;15;9;137;5;233;79;59;197;87;176;120;136;167;156;219;18/06/2018;0
196;12;228;26;93;18/06/2018;1
235;3;143;18/06/2018;2
0;160;18/06/2018;3
103;14;169;52;239;18/06/2018;4
11;192;213;202;18/06/2018;5
16;67;138;78;18/06/2018;6
2;102;117;18/06/2018;7
139;1;42;84;18/06/2018;8
17;46;98;121;18/06/2018;9
96;227;226;47;133;20;157;5;189;57;179;81;199;123;184;155;119;24;44;151;222;75;76;68;103;141;201;78;216;100;19/06/2018;0
225;8;200;232;188;19/06/2018;1
1;230;82;19/06/2018;2
17;224;19/06/2018;3
4;34;185;19/06/2018;4
228;12;108;187;19/06/2018;5
60;234;197;10;64;19/06/2018;6
149;6;113;164;19/06/2018;7
126;131;18;236;72;19/06/2018;8
192;238;202;11;23;19/06/2018;9
40;45;88;94;3;80;167;124;231;145;52;235;187;166;71;51;4;232;35;177;33;233;53;89;110;135;173;207;70;217;21/06/2018;0
44;208;2;116;37;21/06/2018;1
15;193;222;123;21/06/2018;2
215;16;209;67;21/06/2018;3
82;84;1;147;139;21/06/2018;4
6;87;219;21/06/2018;5
133;7;122;107;21/06/2018;6
11;118;21/06/2018;7
75;19;58;21/06/2018;8
130;55;0;150;21/06/2018;9
218;192;26;48;135;52;11;183;74;196;123;77;85;99;160;18;125;144;105;166;150;103;4;39;184;206;65;143;130;167;22/06/2018;0
29;8;225;22/06/2018;1
6;120;211;30;22/06/2018;2
146;19;191;22/06/2018;3
9;210;22/06/2018;4
5;106;22/06/2018;5
1;84;22/06/2018;6
121;217;127;17;224;22/06/2018;7
209;47;16;138;22/06/2018;8
2;100;237;22/06/2018;9
144;219;201;7;179;52;146;120;107;100;40;217;108;2;59;169;186;16;214;67;154;149;50;27;218;188;25;17;189;237;24/06/2018;0
204;32;238;11;23;24/06/2018;1
13;177;24/06/2018;2
182;184;3;235;24/06/2018;3
63;194;15;193;137;24/06/2018;4
139;82;1;230;147;24/06/2018;5
104;10;94;85;24/06/2018;6
18;236;24/06/2018;7
9;35;233;24/06/2018;8
129;0;206;24/06/2018;9
2;146;154;21;37;96;57;71;188;13;64;62;86;56;59;122;27;227;72;24;100;85;208;232;238;102;205;70;73;112;27/06/2018;0
12;93;196;27/06/2018;1
17;45;27/06/2018;2
123;15;63;99;27/06/2018;3
4;185;34;27/06/2018;4
147;82;1;42;27/06/2018;5
0;141;27/06/2018;6
113;6;176;27/06/2018;7
14;239;27/06/2018;8
5;132;27/06/2018;9
173;198;153;224;142;98;15;208;216;128;44;174;116;86;121;179;176;140;9;172;81;188;115;120;158;69;102;133;101;127;01/07/2018;0
152;16;47;01/07/2018;1
13;177;01/07/2018;2
14;239;74;01/07/2018;3
154;19;76;01/07/2018;4
10;167;197;01/07/2018;5
11;90;204;165;01/07/2018;6
196;93;12;108;01/07/2018;7
131;18;231;01/07/2018;8
141;129;0;162;01/07/2018;9
82;122;21;192;88;126;26;29;107;105;212;85;204;220;188;118;32;231;184;230;36;53;187;233;228;28;65;218;68;134;03/07/2018;0
0;55;03/07/2018;1
217;46;17;45;03/07/2018;2
19;96;03/07/2018;3
16;171;03/07/2018;4
169;14;33;103;74;03/07/2018;5
109;2;117;03/07/2018;6
132;5;101;114;81;03/07/2018;7
13;177;03/07/2018;8
6;120;03/07/2018;9
81;87;162;212;97;69;211;139;8;230;175;53;24;232;5;9;214;160;109;133;43;111;151;158;147;233;237;140;132;157;05/07/2018;0
11;213;192;05/07/2018;1
10;73;234;197;85;05/07/2018;2
59;19;83;05/07/2018;3
12;26;65;228;05/07/2018;4
14;169;05/07/2018;5
16;155;05/07/2018;6
21;22;18;36;05/07/2018;7
123;194;15;63;193;05/07/2018;8
17;45;05/07/2018;9
111;126;170;109;71;138;55;171;113;100;235;124;34;78;208;128;149;163;20;79;21;150;183;134;189;200;125;233;198;164;07/07/2018;0
123;137;99;15;193;07/07/2018;1
11;202;192;07/07/2018;2
13;177;07/07/2018;3
19;136;07/07/2018;4
203;5;101;54;07/07/2018;5
93;26;228;12;187;07/07/2018;6
197;10;207;104;105;07/07/2018;7
46;127;17;121;07/07/2018;8
1;139;84;07/07/2018;9
112;152;138;62;222;162;145;146;186;216;174;178;120;140;137;53;136;35;168;117;131;201;126;57;26;19;48;67;233;130;08/07/2018;0
202;32;11;56;213;08/07/2018;1
13;177;08/07/2018;2
14;52;08/07/2018;3
173;17;121;98;224;08/07/2018;4
101;69;5;203;08/07/2018;5
156;166;40;4;88;08/07/2018;6
1;139;84;42;82;08/07/2018;7
8;170;212;190;08/07/2018;8
104;10;73;64;85;08/07/2018;9
206;72;179;67;88;199;63;119;116;37;49;52;22;128;178;144;130;165;122;99;66;224;129;41;157;213;124;236;103;33;10/07/2018;0
101;203;5;132;81;10/07/2018;1
1;42;82;10/07/2018;2
13;177;10/07/2018;3
12;26;10/07/2018;4
186;201;19;91;10/07/2018;5
3;143;235;20;10/07/2018;6
6;31;10/07/2018;7
234;104;197;10;60;10/07/2018;8
190;71;8;181;29;10/07/2018;9
163;50;38;225;74;199;29;99;122;229;171;52;214;230;231;143;78;187;232;212;12;28;71;228;161;142;47;8;21;33;11/07/2018;0
76;19;191;11/07/2018;1
6;43;31;11/07/2018;2
49;17;173;11/07/2018;3
151;157;0;129;111;11/07/2018;4
197;167;10;60;234;11/07/2018;5
205;11;165;213;118;11/07/2018;6
13;177;11/07/2018;7
53;9;145;68;11/07/2018;8
54;132;5;81;11/07/2018;9
96;77;207;184;105;62;118;148;152;156;188;227;78;29;223;7;238;67;198;56;16;25;202;41;88;32;75;239;22;131;12/07/2018;0
110;70;9;68;12/07/2018;1
0;157;12/07/2018;2
6;61;153;97;30;12/07/2018;3
196;12;65;187;12/07/2018;4
127;17;49;12/07/2018;5
15;123;12/07/2018;6
159;2;100;12/07/2018;7
82;1;230;42;12/07/2018;8
5;101;114;132;12/07/2018;9
12;232;38;184;18;118;60;213;190;22;181;8;144;122;55;222;130;188;189;107;39;179;73;104;23;124;235;133;0;14;13/07/2018;0
19;83;13/07/2018;1
17;224;13/07/2018;2
120;6;211;153;219;13/07/2018;3
81;5;114;132;13/07/2018;4
183;4;135;13/07/2018;5
13;177;13/07/2018;6
53;86;9;68;13/07/2018;7
152;16;41;13/07/2018;8
44;37;100;2;109;13/07/2018;9
170;182;89;80;67;190;1;20;15;194;28;129;172;21;61;153;47;55;137;169;157;103;225;196;211;104;176;71;93;6;14/07/2018;0
189;180;7;133;14/07/2018;1
5;54;14/07/2018;2
102;2;229;14/07/2018;3
98;17;224;121;14/07/2018;4
4;88;40;34;14/07/2018;5
191;168;136;19;76;14/07/2018;6
165;238;11;23;14/07/2018;7
13;177;14/07/2018;8
86;9;53;35;14/07/2018;9
186;113;33;15;236;166;187;74;200;95;201;63;22;135;107;228;212;194;51;223;72;232;158;31;178;184;143;59;225;6;16/07/2018;0
16;67;16/07/2018;1
11;205;16/07/2018;2
203;5;114;16/07/2018;3
210;68;86;9;53;16/07/2018;4
13;177;16/07/2018;5
229;116;2;112;16/07/2018;6
64;10;234;16/07/2018;7
151;0;160;157;16/07/2018;8
217;17;98;224;46;16/07/2018;9
18;196;212;39;199;40;137;162;8;99;21;81;181;206;89;101;10;93;142;166;64;157;203;38;231;143;114;106;228;128;17/07/2018;0
86;9;70;216;68;17/07/2018;1
67;16;209;17/07/2018;2
19;76;168;96;17/07/2018;3
121;17;217;17/07/2018;4
13;177;17/07/2018;5
7;179;133;17/07/2018;6
56;205;11;204;17/07/2018;7
6;211;149;95;17/07/2018;8
1;139;84;42;17/07/2018;9
30;115;178;43;12;13;132;164;217;78;81;70;63;216;108;123;233;173;215;148;32;68;187;86;179;180;176;209;49;107;20/07/2018;0
4;40;88;185;20/07/2018;1
147;1;42;20/07/2018;2
3;227;20/07/2018;3
168;19;75;20/07/2018;4
8;170;20/07/2018;5
141;0;206;48;157;20/07/2018;6
14;103;38;20/07/2018;7
2;37;20/07/2018;8
18;126;20/07/2018;9
89;181;36;174;153;173;113;134;98;211;51;14;9;101;74;50;107;159;219;31;189;45;7;217;61;166;218;121;203;179;21/07/2018;0
13;177;21/07/2018;1
238;11;90;165;204;21/07/2018;2
1;42;21/07/2018;3
15;199;21/07/2018;4
0;48;162;21/07/2018;5
94;10;80;21/07/2018;6
96;91;154;19;186;21/07/2018;7
209;78;16;27;21/07/2018;8
228;12;65;21/07/2018;9
178;123;135;13;10;190;38;89;182;232;11;172;69;122;207;226;212;128;54;185;191;34;50;184;59;105;15;20;3;193;23/07/2018;0
87;6;164;79;23/07/2018;1
17;127;224;23/07/2018;2
216;9;233;23/07/2018;3
0;206;23/07/2018;4
42;1;230;23/07/2018;5
209;27;155;16;67;23/07/2018;6
12;26;228;93;23/07/2018;7
208;2;117;100;175;23/07/2018;8
36;18;72;23/07/2018;9
12;180;104;145;206;177;10;0;101;154;133;48;19;69;80;85;174;168;166;59;55;32;57;11;51;210;54;190;157;25;26/07/2018;0
41;16;215;138;47;26/07/2018;1
173;17;49;26/07/2018;2
222;15;193;63;26/07/2018;3
3;89;20;143;184;26/07/2018;4
6;176;113;26/07/2018;5
74;223;14;33;52;26/07/2018;6
131;18;77;236;126;26/07/2018;7
1;230;26/07/2018;8
2;237;208;26/07/2018;9
51;125;49;45;9;143;46;65;234;50;8;20;152;225;217;196;10;134;53;21;236;183;216;69;40;138;86;16;73;89;27/07/2018;0
2;175;27/07/2018;1
11;204;27/07/2018;2
13;177;27/07/2018;3
15;178;28;27/07/2018;4
154;19;96;75;25;27/07/2018;5
6;30;61;211;149;27/07/2018;6
107;7;179;27/07/2018;7
162;48;66;0;129;27/07/2018;8
14;103;27/07/2018;9
18;236;232;91;112;194;109;52;199;69;193;174;54;103;65;212;163;41;229;108;180;13;169;27;146;58;175;7;168;22;28/07/2018;0
11;192;90;28/07/2018;1
233;53;9;210;35;28/07/2018;2
1;147;84;28/07/2018;3
219;6;79;153;97;28/07/2018;4
104;85;73;10;234;28/07/2018;5
166;4;135;28/07/2018;6
17;121;28/07/2018;7
3;198;28/07/2018;8
151;0;111;28/07/2018;9
12;145;203;85;170;116;187;181;114;159;84;237;80;117;132;123;8;175;9;29;68;193;213;197;234;23;177;229;105;165;29/07/2018;0
6;120;149;115;29/07/2018;1
227;158;182;3;198;29/07/2018;2
17;49;45;173;29/07/2018;3
14;103;169;124;239;29/07/2018;4
19;58;29/07/2018;5
66;130;0;206;29/07/2018;6
78;16;47;29/07/2018;7
226;148;179;7;174;29/07/2018;8
128;4;166;40;29/07/2018;9
236;139;189;131;1;21;229;120;113;23;90;15;18;192;174;61;176;6;105;92;180;31;198;147;179;72;122;226;107;165;03/08/2018;0
19;75;03/08/2018;1
108;187;12;196;03/08/2018;2
183;4;166;34;185;03/08/2018;3
210;9;70;68;35;03/08/2018;4
101;81;203;5;54;03/08/2018;5
47;78;16;152;27;03/08/2018;6
17;98;173;224;46;03/08/2018;7
190;170;8;50;71;03/08/2018;8
129;0;206;162;03/08/2018;9
202;69;196;5;18;88;233;34;9;111;105;50;160;80;153;95;183;61;211;110;185;54;101;51;236;11;147;79;132;84;05/08/2018;0
127;49;17;45;173;05/08/2018;1
14;33;05/08/2018;2
16;41;155;152;05/08/2018;3
2;117;229;05/08/2018;4
154;19;75;05/08/2018;5
7;144;05/08/2018;6
3;143;05/08/2018;7
13;177;05/08/2018;8
194;15;28;05/08/2018;9
68;106;175;71;50;95;102;237;169;219;210;189;44;140;208;116;37;39;4;69;133;164;149;203;134;170;232;82;145;195;06/08/2018;0
12;108;196;65;06/08/2018;1
0;119;06/08/2018;2
13;177;06/08/2018;3
3;89;06/08/2018;4
72;18;163;77;221;06/08/2018;5
10;167;06/08/2018;6
238;11;90;06/08/2018;7
19;146;96;06/08/2018;8
15;28;06/08/2018;9
238;186;214;75;133;148;19;125;138;78;159;56;47;210;49;67;184;174;20;209;158;37;98;27;219;205;202;189;155;44;07/08/2018;0
5;54;114;07/08/2018;1
123;99;15;63;178;07/08/2018;2
1;84;07/08/2018;3
60;10;167;80;64;07/08/2018;4
18;236;92;07/08/2018;5
8;200;29;07/08/2018;6
13;177;07/08/2018;7
12;196;228;187;93;07/08/2018;8
4;142;07/08/2018;9
205;117;76;198;164;138;65;81;190;114;125;8;23;146;207;5;221;163;87;24;85;234;6;204;188;109;172;32;120;43;09/08/2018;0
0;150;09/08/2018;1
13;177;09/08/2018;2
9;70;145;68;09/08/2018;3
40;4;134;09/08/2018;4
14;124;09/08/2018;5
15;99;63;09/08/2018;6
161;226;180;7;189;09/08/2018;7
84;147;1;139;42;09/08/2018;8
217;17;46;09/08/2018;9
200;53;230;142;77;109;181;148;116;37;146;96;9;51;35;139;225;208;202;42;186;70;196;110;221;23;204;195;237;40;10/08/2018;0
234;10;167;60;105;10/08/2018;1
15;123;10/08/2018;2
13;177;10/08/2018;3
239;33;14;223;10/08/2018;4
0;150;130;10/08/2018;5
6;219;113;61;10/08/2018;6
16;155;78;209;10/08/2018;7
17;98;10/08/2018;8
5;101;10/08/2018;9
74;169;30;207;6;96;223;212;102;52;20;15;97;50;91;199;2;193;220;94;83;1;75;99;211;90;103;192;73;227;11/08/2018;0
228;26;12;65;108;11/08/2018;1
210;53;86;9;68;11/08/2018;2
17;173;46;11/08/2018;3
18;231;11/08/2018;4
16;41;152;11/08/2018;5
4;166;134;11/08/2018;6
54;5;132;106;11/08/2018;7
7;179;11/08/2018;8
0;48;11/08/2018;9
65;13;143;140;144;18;22;198;231;85;20;6;174;194;64;163;199;221;133;215;1;28;115;94;187;36;53;61;73;219;12/08/2018;0
11;165;12/08/2018;1
0;162;150;12/08/2018;2
2;112;237;12/08/2018;3
49;17;173;12/08/2018;4
212;71;8;29;12/08/2018;5
4;88;12/08/2018;6
5;114;81;203;12/08/2018;7
14;38;74;239;223;12/08/2018;8
58;19;191;96;12/08/2018;9
106;115;124;239;128;59;127;184;14;78;5;110;194;35;15;121;201;164;142;57;86;114;16;17;67;186;123;51;70;219;13/08/2018;0
200;190;50;8;181;13/08/2018;1
13;177;13/08/2018;2
0;151;13/08/2018;3
197;80;10;167;207;13/08/2018;4
202;118;238;11;213;13/08/2018;5
221;18;21;13/08/2018;6
7;148;214;13/08/2018;7
93;108;228;12;65;13/08/2018;8
2;229;13/08/2018;9
56;163;90;230;73;98;19;165;224;222;154;193;75;12;104;147;15;231;36;37;28;136;199;109;202;126;49;32;46;175;14/08/2018;0
8;172;14/08/2018;1
166;4;135;88;14/08/2018;2
69;101;5;106;14/08/2018;3
9;70;14/08/2018;4
144;7;122;133;214;14/08/2018;5
55;0;151;14/08/2018;6
95;6;149;14/08/2018;7
14;239;14/08/2018;8
16;215;47;14/08/2018;9
178;222;127;165;33;45;206;58;145;59;239;151;56;169;0;68;196;38;140;70;130;9;137;121;23;213;168;72;84;150;17/08/2018;0
8;188;17/08/2018;1
2;175;159;195;17/08/2018;2
13;177;17/08/2018;3
142;51;4;40;34;17/08/2018;4
235;198;125;3;158;17/08/2018;5
47;16;215;17/08/2018;6
61;6;30;43;17/08/2018;7
94;104;64;10;167;17/08/2018;8
5;203;17/08/2018;9
182;87;3;164;222;95;29;194;102;41;8;208;15;11;20;178;158;112;193;200;69;153;97;43;117;114;147;79;190;184;18/08/2018;0
49;17;121;173;45;18/08/2018;1
223;14;39;18/08/2018;2
10;64;234;104;18/08/2018;3
25;91;146;19;83;18/08/2018;4
18;231;18/08/2018;5
51;4;142;18/08/2018;6
151;0;157;18/08/2018;7
9;140;18/08/2018;8
180;7;179;161;18/08/2018;9
107;122;140;239;33;35;134;218;0;120;109;45;6;130;102;46;59;95;169;153;52;151;96;4;115;154;223;121;206;217;19/08/2018;0
190;225;8;172;19/08/2018;1
165;11;213;19/08/2018;2
72;21;92;18;22;19/08/2018;3
234;10;207;94;19/08/2018;4
1;84;82;19/08/2018;5
12;228;19/08/2018;6
123;63;15;193;194;19/08/2018;7
152;16;41;138;155;19/08/2018;8
13;177;19/08/2018;9
61;62;67;202;177;45;239;31;113;121;88;103;134;97;98;223;111;237;2;129;228;156;213;219;0;149;185;78;74;34;21/08/2018;0
24;89;3;198;21/08/2018;1
15;178;199;63;21/08/2018;2
197;10;167;64;21/08/2018;3
5;69;21/08/2018;4
7;214;189;226;21/08/2018;5
190;8;170;21/08/2018;6
9;140;210;21/08/2018;7
82;139;1;147;21/08/2018;8
18;221;21/08/2018;9
0;105;135;197;156;162;92;104;77;134;94;212;130;38;150;64;73;126;59;85;223;159;116;91;18;100;169;52;82;177;24/08/2018;0
12;196;24/08/2018;1
164;211;6;120;24/08/2018;2
63;137;123;15;222;24/08/2018;3
11;238;32;213;24/08/2018;4
16;27;41;24/08/2018;5
86;9;53;24/08/2018;6
3;20;220;24/08/2018;7
7;214;24/08/2018;8
5;132;114;24/08/2018;9
177;156;161;47;82;22;27;133;221;172;238;84;100;51;18;191;63;202;155;92;174;230;90;222;136;107;40;123;112;199;25/08/2018;0
104;10;167;85;207;25/08/2018;1
17;173;25/08/2018;2
9;140;68;53;216;25/08/2018;3
3;20;25/08/2018;4
38;14;33;223;39;25/08/2018;5
6;164;97;61;25/08/2018;6
12;187;228;25/08/2018;7
0;48;25/08/2018;8
5;101;25/08/2018;9
48;108;184;158;209;151;13;215;226;206;142;0;17;95;193;45;235;30;28;187;46;87;222;183;88;97;137;55;133;79;27/08/2018;0
163;18;231;27/08/2018;1
10;104;27/08/2018;2
201;19;76;59;25;27/08/2018;3
230;1;42;139;27/08/2018;4
112;2;195;27/08/2018;5
202;165;11;192;27/08/2018;6
33;14;74;27/08/2018;7
8;188;181;71;200;27/08/2018;8
9;110;27/08/2018;9
91;109;139;20;126;226;3;75;25;237;116;130;83;228;24;37;148;177;0;236;62;182;210;141;220;199;13;84;96;230;28/08/2018;0
4;156;51;28/08/2018;1
14;223;28/08/2018;2
16;171;28/08/2018;3
118;165;11;205;28/08/2018;4
10;64;104;234;94;28/08/2018;5
17;49;217;28/08/2018;6
114;5;132;69;203;28/08/2018;7
50;8;225;28/08/2018;8
6;95;87;113;28/08/2018;9
60;157;177;201;33;151;3;91;39;94;145;86;76;235;109;106;0;19;141;37;84;203;182;13;110;1;24;102;139;82;02/09/2018;0
17;173;02/09/2018;1
18;231;236;21;163;02/09/2018;2
16;47;41;02/09/2018;3
8;50;02/09/2018;4
123;15;63;02/09/2018;5
12;26;65;228;02/09/2018;6
219;61;149;6;113;02/09/2018;7
7;218;02/09/2018;8
185;183;40;4;51;02/09/2018;9
219;87;224;16;94;197;165;115;205;8;132;138;173;190;176;29;187;18;101;73;139;230;225;127;82;6;95;203;167;43;04/09/2018;0
4;128;04/09/2018;1
189;7;148;133;179;04/09/2018;2
9;53;04/09/2018;3
3;158;04/09/2018;4
19;57;04/09/2018;5
15;222;04/09/2018;6
124;14;223;39;04/09/2018;7
2;117;04/09/2018;8
0;119;04/09/2018;9
182;167;89;33;129;124;158;48;28;197;147;220;27;150;122;239;4;107;104;169;34;141;73;134;82;185;136;0;59;74;05/09/2018;0
106;5;132;05/09/2018;1
17;46;05/09/2018;2
12;108;05/09/2018;3
11;205;192;204;05/09/2018;4
70;210;216;9;145;05/09/2018;5
95;6;87;79;211;05/09/2018;6
13;177;05/09/2018;7
208;2;37;229;05/09/2018;8
18;21;05/09/2018;9
200;191;39;180;158;238;65;232;226;124;103;106;53;161;28;169;201;127;170;59;24;188;181;15;222;33;189;210;75;91;06/09/2018;0
162;0;141;160;157;06/09/2018;1
2;116;175;06/09/2018;2
13;177;06/09/2018;3
1;147;230;139;06/09/2018;4
31;6;79;97;149;06/09/2018;5
51;185;4;88;06/09/2018;6
10;234;06/09/2018;7
16;27;06/09/2018;8
18;92;06/09/2018;9
235;37;212;98;122;199;127;44;126;77;27;133;200;46;137;63;73;103;138;38;231;215;121;222;112;72;175;188;20;180;07/09/2018;0
5;203;106;07/09/2018;1
19;146;96;07/09/2018;2
6;95;211;07/09/2018;3
13;177;07/09/2018;4
162;0;206;157;07/09/2018;5
51;4;128;183;07/09/2018;6
202;11;32;192;118;07/09/2018;7
12;228;07/09/2018;8
68;70;9;110;145;07/09/2018;9
87;207;203;147;5;229;204;224;106;6;163;71;2;42;109;132;11;69;54;115;56;208;64;105;117;127;237;102;43;104;08/09/2018;0
15;99;08/09/2018;1
39;52;124;14;38;08/09/2018;2
19;83;25;136;154;08/09/2018;3
88;4;51;08/09/2018;4
7;218;08/09/2018;5
233;9;110;08/09/2018;6
158;20;3;220;235;08/09/2018;7
0;206;160;08/09/2018;8
47;16;78;27;08/09/2018;9
18;231;93;214;54;140;42;65;3;139;16;208;152;196;171;229;47;144;209;74;233;218;101;163;184;82;131;38;102;107;11/09/2018;0
0;129;162;111;130;11/09/2018;1
135;4;34;11/09/2018;2
11;56;11/09/2018;3
87;6;30;11/09/2018;4
8;170;11/09/2018;5
17;173;11/09/2018;6
94;207;80;10;73;11/09/2018;7
123;15;63;222;137;11/09/2018;8
146;19;191;11/09/2018;9
236;184;226;189;119;98;27;198;209;163;125;174;84;159;56;204;130;24;230;160;2;238;70;44;26;102;217;55;122;37;12/09/2018;0
137;15;199;12/09/2018;1
34;4;156;12/09/2018;2
188;8;71;225;12/09/2018;3
19;168;146;12/09/2018;4
85;10;104;234;12/09/2018;5
13;177;12/09/2018;6
203;5;114;81;12/09/2018;7
6;120;12/09/2018;8
33;14;38;12/09/2018;9
140;28;226;157;112;228;175;199;122;0;104;233;203;60;196;144;66;197;161;13;85;177;208;68;204;11;55;109;15;205;15/09/2018;0
4;88;15/09/2018;1
17;45;49;15/09/2018;2
227;3;125;20;143;15/09/2018;3
14;103;15/09/2018;4
8;170;15/09/2018;5
95;61;87;6;115;15/09/2018;6
18;21;231;163;15/09/2018;7
16;27;15/09/2018;8
76;19;83;201;15/09/2018;9
121;188;32;29;173;209;70;52;56;185;126;11;72;223;163;78;4;212;46;184;152;53;161;221;99;213;200;86;51;110;17/09/2018;0
203;101;5;54;17/09/2018;1
13;177;17/09/2018;2
94;80;10;104;17/09/2018;3
0;119;17/09/2018;4
116;2;229;37;208;17/09/2018;5
6;113;61;211;17/09/2018;6
139;1;147;17/09/2018;7
146;83;57;19;168;17/09/2018;8
12;228;17/09/2018;9
234;164;135;132;205;185;111;183;8;56;23;30;80;71;142;134;207;125;177;66;87;72;192;160;141;149;163;40;211;223;23/09/2018;0
201;19;58;25;154;23/09/2018;1
12;108;93;23/09/2018;2
2;159;37;23/09/2018;3
193;15;63;99;28;23/09/2018;4
16;78;155;152;23/09/2018;5
84;1;82;23/09/2018;6
224;17;127;23/09/2018;7
9;233;70;68;23/09/2018;8
7;161;214;23/09/2018;9
38;195;21;68;193;238;90;89;214;3;22;144;210;180;229;202;207;117;128;205;197;140;64;150;60;88;199;74;233;124;01/10/2018;0
17;49;46;127;45;01/10/2018;1
16;152;01/10/2018;2
6;30;01/10/2018;3
1;139;230;84;147;01/10/2018;4
13;177;01/10/2018;5
19;191;186;58;96;01/10/2018;6
12;187;01/10/2018;7
188;8;29;01/10/2018;8
5;114;203;81;01/10/2018;9
192;228;213;142;95;163;87;134;197;12;231;184;14;147;97;135;205;182;223;90;153;10;169;124;82;173;45;131;158;121;03/10/2018;0
28;15;194;03/10/2018;1
19;91;03/10/2018;2
161;107;7;179;122;03/10/2018;3
9;233;03/10/2018;4
16;155;03/10/2018;5
116;237;2;229;100;03/10/2018;6
8;212;188;29;03/10/2018;7
13;177;03/10/2018;8
160;0;119;03/10/2018;9
2;119;128;139;92;166;83;47;126;72;129;41;80;57;10;138;136;40;152;36;22;33;145;234;21;0;42;159;236;93;04/10/2018;0
89;3;24;220;235;04/10/2018;1
11;238;04/10/2018;2
63;15;194;04/10/2018;3
190;8;71;225;04/10/2018;4
5;54;114;106;04/10/2018;5
13;177;04/10/2018;6
7;214;174;04/10/2018;7
95;97;113;6;153;04/10/2018;8
17;121;98;46;45;04/10/2018;9
209;139;190;43;85;188;204;155;114;88;3;166;193;171;164;232;128;29;10;158;149;134;27;138;115;69;113;32;198;34;05/10/2018;0
25;19;91;05/10/2018;1
9;86;35;05/10/2018;2
12;187;05/10/2018;3
2;109;117;05/10/2018;4
17;49;46;98;173;05/10/2018;5
179;7;144;05/10/2018;6
0;157;05/10/2018;7
13;177;05/10/2018;8
92;18;221;05/10/2018;9
172;31;37;122;156;179;46;8;159;64;199;4;105;236;40;226;47;194;197;97;15;195;217;155;221;149;95;43;222;17;06/10/2018;0
202;118;56;11;238;06/10/2018;1
84;1;230;42;06/10/2018;2
12;228;06/10/2018;3
75;76;19;186;06/10/2018;4
9;35;70;233;140;06/10/2018;5
5;132;06/10/2018;6
0;160;48;55;06/10/2018;7
39;169;14;223;74;06/10/2018;8
3;89;06/10/2018;9
91;94;219;12;19;79;235;76;211;101;231;96;167;63;158;114;120;28;97;61;67;236;193;57;24;60;20;186;84;137;12/10/2018;0
122;7;148;107;12/10/2018;1
9;53;12/10/2018;2
14;223;12/10/2018;3
170;8;188;12/10/2018;4
0;150;12/10/2018;5
17;46;12/10/2018;6
116;2;117;12/10/2018;7
4;183;142;51;12/10/2018;8
11;202;32;12/10/2018;9
119;221;150;65;131;32;180;21;116;232;80;237;195;48;37;218;0;29;39;167;229;38;159;231;212;14;192;225;140;126;13/10/2018;0
1;84;230;42;13/10/2018;1
61;6;95;13/10/2018;2
220;3;24;235;13/10/2018;3
15;63;123;178;99;13/10/2018;4
16;138;209;155;67;13/10/2018;5
13;177;13/10/2018;6
57;191;19;146;13/10/2018;7
5;81;114;101;13/10/2018;8
142;128;4;40;13/10/2018;9
138;6;18;83;72;16;79;145;176;170;140;68;65;35;232;81;28;99;131;137;233;58;219;41;205;203;171;59;63;204;15/10/2018;0
17;217;49;224;127;15/10/2018;1
4;156;34;51;15/10/2018;2
122;7;107;174;161;15/10/2018;3
20;182;3;235;15/10/2018;4
0;48;15/10/2018;5
237;2;109;15/10/2018;6
10;105;15/10/2018;7
74;239;14;124;15/10/2018;8
82;1;230;15/10/2018;9
27;73;87;31;223;167;159;124;81;228;37;195;121;126;215;63;187;54;199;229;64;197;123;143;112;113;108;176;89;74;16/10/2018;0
8;50;71;212;16/10/2018;1
4;183;166;16/10/2018;2
122;148;7;144;16/10/2018;3
68;9;86;35;110;16/10/2018;4
13;177;16/10/2018;5
201;59;146;19;186;16/10/2018;6
0;129;119;16/10/2018;7
205;11;204;23;16/10/2018;8
82;139;42;1;147;16/10/2018;9
119;49;102;76;141;19;146;129;190;75;202;238;191;9;137;232;52;136;186;199;103;204;44;224;117;0;159;109;116;225;19/10/2018;0
7;144;19/10/2018;1
101;5;54;203;19/10/2018;2
198;3;24;19/10/2018;3
115;61;211;6;30;19/10/2018;4
131;18;92;221;19/10/2018;5
16;67;155;138;19/10/2018;6
10;80;197;60;19/10/2018;7
187;12;26;19/10/2018;8
4;185;142;19/10/2018;9
0;60;218;17;151;168;132;133;228;69;56;101;214;122;150;185;25;134;165;201;26;64;96;128;75;55;121;204;34;196;21/10/2018;0
15;222;21/10/2018;1
3;235;24;21/10/2018;2
2;208;109;37;229;21/10/2018;3
16;27;21/10/2018;4
9;110;21/10/2018;5
6;149;30;21/10/2018;6
103;38;14;169;33;21/10/2018;7
18;231;21/10/2018;8
8;50;21/10/2018;9
223;176;214;124;33;19;164;29;233;181;224;53;226;145;22;174;172;77;133;204;190;218;219;232;74;57;59;107;210;75;22/10/2018;0
67;16;152;27;22/10/2018;1
3;20;125;198;22/10/2018;2
1;42;22/10/2018;3
13;177;22/10/2018;4
166;34;4;128;156;22/10/2018;5
130;129;0;160;22/10/2018;6
26;228;12;187;22/10/2018;7
28;15;123;22/10/2018;8
2;229;22/10/2018;9
224;39;97;115;43;147;117;238;158;173;130;44;208;32;96;6;82;140;127;119;139;141;125;53;182;204;217;91;169;46;27/10/2018;0
77;18;163;27/10/2018;1
10;94;27/10/2018;2
15;28;27/10/2018;3
5;114;203;69;106;27/10/2018;4
16;215;27/10/2018;5
156;4;34;27/10/2018;6
13;177;27/10/2018;7
232;225;8;170;50;27/10/2018;8
7;179;27/10/2018;9
39;223;18;4;72;67;5;16;163;63;33;169;98;137;49;51;46;166;64;191;123;230;22;28;131;114;127;41;136;128;28/10/2018;0
8;181;28/10/2018;1
153;6;61;149;28/10/2018;2
7;133;144;28/10/2018;3
159;2;102;112;28/10/2018;4
11;204;90;202;28/10/2018;5
143;220;3;227;28/10/2018;6
68;9;216;70;28/10/2018;7
196;12;108;28/10/2018;8
48;111;0;66;206;28/10/2018;9
154;222;76;34;127;38;175;167;33;45;109;58;173;104;49;73;4;46;223;60;126;106;199;13;68;177;86;36;156;116;29/10/2018;0
0;150;48;29/10/2018;1
79;6;164;43;29/10/2018;2
148;7;107;29/10/2018;3
11;238;192;29/10/2018;4
152;16;215;138;47;29/10/2018;5
230;1;82;42;29/10/2018;6
12;65;29/10/2018;7
235;89;24;3;220;29/10/2018;8
8;188;232;181;29/10/2018;9
87;167;168;46;123;155;174;117;180;105;187;91;33;212;116;222;71;99;16;52;65;19;27;199;80;173;73;234;17;100;30/10/2018;0
36;22;221;18;77;30/10/2018;1
13;177;30/10/2018;2
142;40;4;166;30/10/2018;3
9;210;233;68;30/10/2018;4
150;0;130;151;157;30/10/2018;5
143;3;24;30/10/2018;6
82;1;139;230;147;30/10/2018;7
56;11;204;30/10/2018;8
5;132;106;30/10/2018;9
142;215;141;223;232;154;78;135;1;190;128;55;76;70;66;65;216;130;33;27;94;74;71;136;196;12;162;111;19;80;01/11/2018;0
15;193;01/11/2018;1
13;177;01/11/2018;2
6;176;01/11/2018;3
3;198;01/11/2018;4
205;11;202;01/11/2018;5
203;5;81;01/11/2018;6
2;229;01/11/2018;7
17;121;01/11/2018;8
174;7;218;179;133;01/11/2018;9
224;209;103;121;237;235;129;206;174;49;173;48;222;223;3;205;147;215;158;1;50;218;41;200;11;47;24;127;181;208;02/11/2018;0
203;114;101;5;132;02/11/2018;1
104;64;10;105;167;02/11/2018;2
9;35;233;216;02/11/2018;3
18;72;131;236;02/11/2018;4
211;61;30;6;164;02/11/2018;5
12;187;02/11/2018;6
51;40;4;134;02/11/2018;7
13;177;02/11/2018;8
19;168;02/11/2018;9
122;156;238;161;31;129;112;226;48;116;159;213;229;23;100;61;95;123;67;195;128;147;139;180;134;142;133;119;164;124;03/11/2018;0
49;17;127;03/11/2018;1
5;106;03/11/2018;2
10;85;03/11/2018;3
181;8;188;29;172;03/11/2018;4
146;168;19;57;59;03/11/2018;5
18;36;22;126;03/11/2018;6
9;53;216;140;03/11/2018;7
125;3;20;03/11/2018;8
12;228;03/11/2018;9
176;135;75;155;61;221;1;6;177;209;27;22;16;158;150;138;82;63;136;94;120;91;231;227;57;152;36;78;115;125;05/11/2018;0
2;109;05/11/2018;1
9;140;53;68;05/11/2018;2
17;217;05/11/2018;3
8;200;170;05/11/2018;4
74;33;124;14;38;05/11/2018;5
23;11;56;205;05/11/2018;6
7;161;05/11/2018;7
132;114;5;106;203;05/11/2018;8
12;196;05/11/2018;9
214;159;5;160;220;195;61;3;55;141;97;76;67;54;116;201;81;59;230;191;206;189;136;153;226;112;43;48;83;1;06/11/2018;0
10;60;06/11/2018;1
9;53;06/11/2018;2
17;127;06/11/2018;3
232;181;8;225;06/11/2018;4
18;236;06/11/2018;5
223;169;103;14;124;06/11/2018;6
56;11;192;204;06/11/2018;7
15;137;06/11/2018;8
228;12;93;187;06/11/2018;9
93;194;60;222;197;101;113;41;36;105;126;78;153;231;37;160;128;10;183;79;51;145;193;69;15;233;155;142;116;81;11/11/2018;0
32;11;118;11/11/2018;1
14;38;124;11/11/2018;2
8;232;11/11/2018;3
174;161;7;180;214;11/11/2018;4
42;82;1;84;11/11/2018;5
125;3;158;235;198;11/11/2018;6
19;186;11/11/2018;7
224;17;98;11/11/2018;8
13;177;11/11/2018;9
7;136;177;70;109;148;28;33;162;25;175;38;2;121;103;19;155;189;217;169;71;49;218;161;137;14;173;59;99;76;13/11/2018;0
18;221;13/11/2018;1
5;106;54;13/11/2018;2
11;238;56;13/11/2018;3
6;95;113;13/11/2018;4
42;82;1;139;147;13/11/2018;5
12;108;93;13/11/2018;6
10;207;197;167;80;13/11/2018;7
4;51;13/11/2018;8
3;235;24;158;13/11/2018;9
166;35;154;54;40;106;11;167;39;23;145;81;140;102;227;49;37;198;5;184;58;44;182;146;64;88;121;75;124;91;16/11/2018;0
15;199;16/11/2018;1
8;212;16/11/2018;2
18;21;16/11/2018;3
16;67;152;16/11/2018;4
161;7;179;16/11/2018;5
6;120;115;176;16/11/2018;6
13;177;16/11/2018;7
1;230;16/11/2018;8
0;162;16/11/2018;9
196;115;182;168;220;64;105;81;1;201;235;130;219;79;111;25;20;199;17;108;141;106;49;43;50;104;29;186;28;129;17/11/2018;0
9;70;110;17/11/2018;1
13;177;17/11/2018;2
4;142;88;166;17/11/2018;3
2;112;116;237;17/11/2018;4
131;18;126;21;17/11/2018;5
11;213;17/11/2018;6
103;14;169;17/11/2018;7
144;218;7;148;226;17/11/2018;8
67;16;41;17/11/2018;9
168;75;30;151;104;116;234;48;155;33;119;67;121;127;37;2;53;45;95;73;9;46;35;109;136;110;195;191;64;19;18/11/2018;0
3;184;18/11/2018;1
8;50;172;170;18/11/2018;2
18;21;77;18/11/2018;3
4;183;34;185;88;18/11/2018;4
12;26;18/11/2018;5
15;194;18/11/2018;6
213;205;32;11;118;18/11/2018;7
179;226;7;218;18/11/2018;8
132;5;101;54;106;18/11/2018;9
156;191;4;38;92;137;209;163;201;67;71;126;63;190;41;59;19;133;228;48;108;36;232;181;239;179;21;75;194;93;19/11/2018;0
17;224;19/11/2018;1
11;165;19/11/2018;2
84;139;1;42;230;19/11/2018;3
3;158;19/11/2018;4
207;10;105;104;19/11/2018;5
110;9;210;19/11/2018;6
5;81;106;69;19/11/2018;7
6;31;19/11/2018;8
44;2;37;19/11/2018;9
226;65;16;148;141;184;78;22;182;227;47;18;67;93;150;107;119;230;42;84;236;24;199;131;189;147;136;75;218;99;20/11/2018;0
52;103;74;14;169;20/11/2018;1
106;81;69;5;101;20/11/2018;2
17;224;127;20/11/2018;3
165;192;11;56;118;20/11/2018;4
164;6;120;20/11/2018;5
10;167;20/11/2018;6
175;2;116;20/11/2018;7
210;140;68;9;110;20/11/2018;8
4;34;20/11/2018;9
59;198;125;92;97;179;131;18;0;191;228;63;24;221;130;236;211;80;222;73;133;206;26;124;10;43;207;89;167;199;21/11/2018;0
224;17;173;121;21/11/2018;1
4;51;183;166;21/11/2018;2
13;177;21/11/2018;3
188;8;200;21/11/2018;4
35;9;68;21/11/2018;5
159;116;2;229;21/11/2018;6
165;11;192;21/11/2018;7
5;54;203;101;69;21/11/2018;8
16;215;21/11/2018;9
107;124;192;87;102;149;179;213;113;175;74;174;44;63;66;176;129;39;211;30;83;204;136;210;70;54;229;208;151;48;22/11/2018;0
24;3;198;182;89;22/11/2018;1
173;46;17;45;217;22/11/2018;2
60;73;10;234;85;22/11/2018;3
16;47;22/11/2018;4
72;18;22;22/11/2018;5
40;134;4;128;22/11/2018;6
13;177;22/11/2018;7
12;228;22/11/2018;8
172;50;8;188;190;22/11/2018;9
191;25;97;118;10;43;231;166;85;98;204;54;73;234;83;139;26;173;48;1;11;77;202;187;60;65;64;224;154;217;25/11/2018;0
3;143;235;227;198;25/11/2018;1
2;237;25/11/2018;2
181;8;172;232;50;25/11/2018;3
145;9;233;53;70;25/11/2018;4
194;15;199;178;99;25/11/2018;5
14;74;39;25/11/2018;6
7;122;144;25/11/2018;7
16;78;67;215;25/11/2018;8
13;177;25/11/2018;9
126;164;149;115;103;172;26;176;186;43;96;42;233;231;50;57;145;68;61;113;35;177;18;59;239;36;152;22;14;91;26/11/2018;0
56;11;238;205;213;26/11/2018;1
51;166;4;135;128;26/11/2018;2
3;143;24;26/11/2018;3
2;102;26/11/2018;4
60;105;10;85;197;26/11/2018;5
121;45;17;127;26/11/2018;6
5;132;81;26/11/2018;7
99;199;15;123;26/11/2018;8
160;0;66;26/11/2018;9
169;211;26;151;127;136;45;38;228;108;56;62;154;150;79;13;49;182;168;20;186;87;72;187;93;217;199;75;239;141;28/11/2018;0
8;50;28/11/2018;1
16;78;28/11/2018;2
7;180;226;28/11/2018;3
106;5;81;101;28/11/2018;4
44;2;112;175;28/11/2018;5
51;4;40;28/11/2018;6
230;139;1;42;28/11/2018;7
68;9;140;216;70;28/11/2018;8
60;10;64;28/11/2018;9
221;137;162;116;172;232;151;29;65;212;132;84;146;157;139;70;231;176;208;48;72;54;61;35;76;6;26;126;69;44;30/11/2018;0
78;171;16;67;41;30/11/2018;1
7;214;30/11/2018;2
17;224;217;46;30/11/2018;3
11;118;23;30/11/2018;4
104;73;10;234;60;30/11/2018;5
40;4;185;30/11/2018;6
13;177;30/11/2018;7
14;124;30/11/2018;8
235;227;184;3;220;30/11/2018;9
106;105;147;148;226;78;127;220;234;171;121;193;123;125;224;143;207;94;178;222;27;54;194;64;140;236;92;210;215;89;01/12/2018;0
124;14;38;01/12/2018;1
56;11;32;118;01/12/2018;2
6;30;01/12/2018;3
66;48;0;162;160;01/12/2018;4
12;196;228;01/12/2018;5
166;4;88;142;01/12/2018;6
58;76;146;19;83;01/12/2018;7
8;232;01/12/2018;8
44;195;2;112;01/12/2018;9
199;79;10;146;223;73;91;101;224;168;190;14;121;203;45;99;176;167;193;83;25;8;98;28;227;3;120;106;33;57;03/12/2018;0
11;32;03/12/2018;1
7;161;03/12/2018;2
12;93;196;228;187;03/12/2018;3
16;155;27;03/12/2018;4
230;1;147;82;03/12/2018;5
53;9;68;216;03/12/2018;6
0;206;111;119;03/12/2018;7
221;36;18;131;21;03/12/2018;8
4;142;03/12/2018;9
116;22;227;5;27;187;114;102;137;231;67;54;44;170;41;181;214;195;14;236;33;93;155;194;212;16;190;39;159;184;05/12/2018;0
19;25;75;05/12/2018;1
10;167;73;80;05/12/2018;2
13;177;05/12/2018;3
48;0;130;05/12/2018;4
1;84;05/12/2018;5
56;11;213;05/12/2018;6
70;9;86;210;05/12/2018;7
4;51;40;183;34;05/12/2018;8
6;30;05/12/2018;9
160;69;108;54;31;78;157;13;21;171;120;26;100;35;44;4;177;6;9;113;119;93;86;209;30;132;141;68;114;147;06/12/2018;0
39;14;169;74;06/12/2018;1
122;7;214;06/12/2018;2
181;8;200;172;29;06/12/2018;3
19;25;201;57;06/12/2018;4
10;60;64;80;104;06/12/2018;5
123;194;15;193;06/12/2018;6
17;46;06/12/2018;7
238;11;204;06/12/2018;8
158;227;220;3;184;06/12/2018;9
21;163;63;90;146;230;156;75;4;193;239;117;17;236;224;74;173;237;1;142;124;213;57;204;91;229;123;22;59;56;08/12/2018;0
78;16;171;209;08/12/2018;1
12;93;108;08/12/2018;2
73;207;105;10;197;08/12/2018;3
174;180;7;189;08/12/2018;4
219;115;6;87;08/12/2018;5
145;210;9;110;08/12/2018;6
3;143;125;08/12/2018;7
8;50;212;181;170;08/12/2018;8
0;160;08/12/2018;9
186;59;112;40;214;28;160;133;108;155;29;51;44;191;209;4;26;173;37;82;15;159;166;206;76;195;193;196;187;130;09/12/2018;0
10;64;207;197;09/12/2018;1
9;140;53;09/12/2018;2
43;113;6;97;164;09/12/2018;3
192;11;238;09/12/2018;4
106;5;101;203;132;09/12/2018;5
74;14;223;239;39;09/12/2018;6
18;221;09/12/2018;7
220;20;3;89;158;09/12/2018;8
13;177;09/12/2018;9
196;75;237;29;39;129;80;25;55;160;100;52;76;201;181;146;186;170;60;218;73;175;59;74;42;66;139;48;157;176;10/12/2018;0
5;106;10/12/2018;1
11;192;205;118;204;10/12/2018;2
131;236;18;221;10/12/2018;3
63;15;99;194;199;10/12/2018;4
3;143;10/12/2018;5
51;156;4;185;142;10/12/2018;6
17;127;121;45;10/12/2018;7
16;152;27;47;155;10/12/2018;8
140;9;70;110;10/12/2018;9
122;174;107;147;155;228;47;75;143;235;78;35;60;32;5;179;237;2;67;227;213;175;76;180;196;85;10;101;80;37;11/12/2018;0
4;166;11/12/2018;1
223;33;239;14;39;11/12/2018;2
17;121;127;11/12/2018;3
119;0;141;160;130;11/12/2018;4
77;21;18;236;11/12/2018;5
211;176;6;87;11/12/2018;6
8;181;212;11/12/2018;7
13;177;11/12/2018;8
193;15;194;123;11/12/2018;9
116;102;0;41;77;187;86;27;233;55;108;163;1;111;173;125;155;18;160;22;129;169;206;224;131;100;209;145;159;151;12/12/2018;0
11;118;205;56;213;12/12/2018;1
88;4;156;12/12/2018;2
43;6;120;79;31;12/12/2018;3
132;5;101;12/12/2018;4
7;189;107;12/12/2018;5
8;212;12/12/2018;6
19;201;12/12/2018;7
15;28;12/12/2018;8
80;207;10;234;104;12/12/2018;9
26;235;157;233;187;41;35;110;47;237;210;224;112;236;78;70;66;22;220;37;16;21;3;215;2;50;55;119;195;143;15/12/2018;0
42;1;147;82;139;15/12/2018;1
10;94;197;105;15/12/2018;2
11;192;32;165;90;15/12/2018;3
38;14;52;15/12/2018;4
174;180;7;214;15/12/2018;5
15;194;123;15/12/2018;6
186;19;75;15/12/2018;7
5;203;81;15/12/2018;8
51;128;4;142;15/12/2018;9
43;52;164;176;225;66;6;84;111;107;113;42;2;10;229;37;30;194;94;175;233;110;212;179;100;124;151;120;102;101;17/12/2018;0
18;236;22;17/12/2018;1
16;27;17/12/2018;2
17;121;45;49;17/12/2018;3
93;65;12;196;17/12/2018;4
11;204;17/12/2018;5
183;4;88;185;17/12/2018;6
13;177;17/12/2018;7
19;25;17/12/2018;8
143;3;125;24;17/12/2018;9
67;54;177;16;215;213;183;76;195;122;41;59;45;1;51;132;25;46;71;237;106;229;168;156;165;42;161;83;135;136;18/12/2018;0
0;130;66;18/12/2018;1
86;9;35;18/12/2018;2
52;74;14;223;39;18/12/2018;3
12;65;18/12/2018;4
61;6;43;95;115;18/12/2018;5
10;197;85;18/12/2018;6
3;89;125;227;182;18/12/2018;7
15;222;18/12/2018;8
163;18;21;126;18/12/2018;9
176;235;158;21;192;24;118;46;90;224;98;160;92;84;115;227;157;141;171;125;215;231;33;138;32;65;55;97;206;72;20/12/2018;0
114;54;81;5;132;20/12/2018;1
13;177;20/12/2018;2
9;210;20/12/2018;3
7;133;148;189;180;20/12/2018;4
59;25;19;57;75;20/12/2018;5
199;15;222;20/12/2018;6
73;10;64;207;20/12/2018;7
195;2;175;20/12/2018;8
225;8;172;20/12/2018;9
101;131;155;102;214;60;132;52;180;207;195;116;67;185;209;44;7;112;117;104;98;164;222;39;169;81;153;87;173;10;21/12/2018;0
9;68;233;21/12/2018;1
65;12;108;21/12/2018;2
141;0;66;150;160;21/12/2018;3
19;83;75;21/12/2018;4
1;42;230;21/12/2018;5
190;8;232;21/12/2018;6
13;177;21/12/2018;7
3;125;227;21/12/2018;8
11;204;32;21/12/2018;9
159;151;131;205;15;167;2;118;99;38;162;85;101;157;80;126;199;221;95;146;236;187;154;54;65;21;207;69;94;25;22/12/2018;0
216;110;9;86;22/12/2018;1
7;161;22/12/2018;2
17;224;22/12/2018;3
4;156;22/12/2018;4
190;232;188;8;170;22/12/2018;5
16;41;47;138;22/12/2018;6
1;139;42;22/12/2018;7
13;177;22/12/2018;8
3;158;22/12/2018;9
24;104;174;161;79;94;188;155;63;171;164;26;209;226;87;205;41;47;107;234;113;200;199;214;180;176;172;71;225;204;23/12/2018;0
175;195;2;237;100;23/12/2018;1
5;81;23/12/2018;2
0;66;130;23/12/2018;3
36;72;18;21;23/12/2018;4
19;83;168;23/12/2018;5
14;103;33;23/12/2018;6
46;98;17;224;23/12/2018;7
4;128;23/12/2018;8
9;140;23/12/2018;9
43;112;37;159;137;171;75;185;57;199;41;153;99;155;141;30;208;49;97;209;47;224;61;28;130;91;200;138;100;16;24/12/2018;0
9;86;35;24/12/2018;1
22;72;18;36;231;24/12/2018;2
167;80;10;60;24/12/2018;3
7;161;24/12/2018;4
11;213;24/12/2018;5
13;177;24/12/2018;6
26;12;196;228;187;24/12/2018;7
184;182;198;3;220;24/12/2018;8
14;38;24/12/2018;9
120;202;108;175;100;213;56;196;212;122;165;187;205;32;178;26;43;87;149;218;63;78;164;214;172;204;80;148;71;194;26/12/2018;0
18;221;77;163;231;26/12/2018;1
230;84;1;82;26/12/2018;2
3;158;235;26/12/2018;3
76;19;136;58;191;26/12/2018;4
33;14;124;26/12/2018;5
127;217;46;17;173;26/12/2018;6
4;166;135;26/12/2018;7
145;110;9;53;26/12/2018;8
119;0;129;26/12/2018;9
54;138;51;171;145;3;158;220;159;239;34;100;93;35;88;40;41;2;69;101;47;70;131;39;127;77;26;84;27;196;29/12/2018;0
0;48;29/12/2018;1
10;80;29/12/2018;2
19;75;76;29/12/2018;3
172;8;200;71;29/12/2018;4
31;6;120;97;79;29/12/2018;5
122;7;161;133;29/12/2018;6
238;11;118;32;213;29/12/2018;7
193;15;222;194;29/12/2018;8
13;177;29/12/2018;9
