Targa,data,ora
at0092vovw,7/1/2016,9:27
dcrv43stp,7/1/2016,9:27
jk64wgcp,7/1/2016,9:27
gi126bkb,7/1/2016,9:27
oe22wm,7/1/2016,9:27
hmf824an,7/1/2016,9:38
oy39bt,7/1/2016,9:38
ui7308gbf,7/1/2016,9:38
mrtw16hina,7/1/2016,9:38
xi795wn,7/1/2016,9:38
wu13bnwg,7/1/2016,9:1
fhbm1548mlie,7/1/2016,9:1
jxj97ey,7/1/2016,9:1
xx1320sx,7/1/2016,9:1
ex36hc,7/1/2016,9:1
dcrv43stp,7/1/2016,9:48
hvdq3281nc,7/1/2016,9:48
pru7926roq,7/1/2016,9:48
hmf824an,7/1/2016,9:48
lg1546kkwr,7/1/2016,9:48
hvdq3281nc,7/1/2016,9:43
mf42ftn,7/1/2016,9:43
vhfm841ctkf,7/1/2016,9:43
ex36hc,7/1/2016,9:43
oy39bt,7/1/2016,9:43
uuue70tplp,7/1/2016,6:28
jqbd1899wyy,7/1/2016,6:28
ui7308gbf,7/1/2016,6:28
vlbg30ylqr,7/1/2016,6:28
ulp3214ix,7/1/2016,6:28
vlbg30ylqr,7/1/2016,6:56
meig27cgn,7/1/2016,6:56
ir98ia,7/1/2016,6:56
fhbm1548mlie,7/1/2016,6:56
ogs6060flj,7/1/2016,6:56
mrtw16hina,7/1/2016,6:34
xrm554tj,7/1/2016,6:34
ijb3648lsw,7/1/2016,6:34
pru7926roq,7/1/2016,6:34
lg1546kkwr,7/1/2016,6:34
drjj039dt,7/1/2016,6:16
hmf824an,7/1/2016,6:16
yhvk98wwo,7/1/2016,6:16
tb863ue,7/1/2016,6:16
rbj610hw,7/1/2016,6:16
jqbd1899wyy,7/1/2016,6:14
drjj039dt,7/1/2016,6:14
uuue70tplp,7/1/2016,6:14
at0092vovw,7/1/2016,6:14
jk64wgcp,7/1/2016,6:14
pxwq80iqpl,7/1/2016,19:11
ui7308gbf,7/1/2016,19:11
lg1546kkwr,7/1/2016,19:11
vlbg30ylqr,7/1/2016,19:11
jxj97ey,7/1/2016,19:11
hn719linu,7/1/2016,19:9
uuue70tplp,7/1/2016,19:9
hvdq3281nc,7/1/2016,19:9
gi126bkb,7/1/2016,19:9
meig27cgn,7/1/2016,19:9
vlbg30ylqr,7/1/2016,19:36
meig27cgn,7/1/2016,19:36
mf42ftn,7/1/2016,19:36
dcrv43stp,7/1/2016,19:36
gi126bkb,7/1/2016,19:36
me3583cxm,7/1/2016,19:21
lr877rw,7/1/2016,19:21
xqin370gxy,7/1/2016,19:21
tb863ue,7/1/2016,19:21
ogs6060flj,7/1/2016,19:21
ijb3648lsw,7/1/2016,19:46
fhbm1548mlie,7/1/2016,19:46
xqin370gxy,7/1/2016,19:46
mf42ftn,7/1/2016,19:46
xx1320sx,7/1/2016,19:46
argk67boie,7/1/2016,4:53
xkk09xk,7/1/2016,4:53
rcs393bqo,7/1/2016,4:53
lr877rw,7/1/2016,4:53
smb117qhg,7/1/2016,4:53
wu13bnwg,7/1/2016,4:34
lr877rw,7/1/2016,4:34
jxj97ey,7/1/2016,4:34
rbj610hw,7/1/2016,4:34
mf42ftn,7/1/2016,4:34
qxsp2555mjj,7/1/2016,4:2
xi795wn,7/1/2016,4:2
ogs6060flj,7/1/2016,4:2
at0092vovw,7/1/2016,4:2
smb117qhg,7/1/2016,4:2
dcrv43stp,7/1/2016,4:10
qxsp2555mjj,7/1/2016,4:10
me3583cxm,7/1/2016,4:10
jqbd1899wyy,7/1/2016,4:10
ex36hc,7/1/2016,4:10
mf42ftn,7/1/2016,4:25
yhvk98wwo,7/1/2016,4:25
jqbd1899wyy,7/1/2016,4:25
xrm554tj,7/1/2016,4:25
oe22wm,7/1/2016,4:25
qxsp2555mjj,7/1/2016,17:26
rbx548dmq,7/1/2016,17:26
mrtw16hina,7/1/2016,17:26
hmf824an,7/1/2016,17:26
xi795wn,7/1/2016,17:26
wu13bnwg,7/1/2016,17:45
mrtw16hina,7/1/2016,17:45
drjj039dt,7/1/2016,17:45
at0092vovw,7/1/2016,17:45
oe22wm,7/1/2016,17:45
xx1320sx,7/1/2016,17:28
jxj97ey,7/1/2016,17:28
ui7308gbf,7/1/2016,17:28
gi126bkb,7/1/2016,17:28
fa479tj,7/1/2016,17:28
qxsp2555mjj,7/1/2016,17:32
me3583cxm,7/1/2016,17:32
xkk09xk,7/1/2016,17:32
jqbd1899wyy,7/1/2016,17:32
oe22wm,7/1/2016,17:32
qxsp2555mjj,7/1/2016,17:9
at0092vovw,7/1/2016,17:9
xx1320sx,7/1/2016,17:9
ex36hc,7/1/2016,17:9
rbx548dmq,7/1/2016,17:9
meig27cgn,19/1/2016,0:25
wu13bnwg,19/1/2016,0:25
rbx548dmq,19/1/2016,0:25
fr01ape,19/1/2016,0:25
oy39bt,19/1/2016,0:25
fhbm1548mlie,19/1/2016,0:16
oe22wm,19/1/2016,0:16
pxwq80iqpl,19/1/2016,0:16
mf42ftn,19/1/2016,0:16
hn719linu,19/1/2016,0:16
ulp3214ix,19/1/2016,0:5
hmf824an,19/1/2016,0:5
xqin370gxy,19/1/2016,0:5
vlbg30ylqr,19/1/2016,0:5
vse9353eibs,19/1/2016,0:5
tb863ue,19/1/2016,0:48
fa479tj,19/1/2016,0:48
mf42ftn,19/1/2016,0:48
ijb3648lsw,19/1/2016,0:48
pru7926roq,19/1/2016,0:48
rbx548dmq,19/1/2016,0:50
oy39bt,19/1/2016,0:50
xkk09xk,19/1/2016,0:50
xi795wn,19/1/2016,0:50
ijb3648lsw,19/1/2016,0:50
vhfm841ctkf,19/1/2016,1:16
ulp3214ix,19/1/2016,1:16
pru7926roq,19/1/2016,1:16
mrtw16hina,19/1/2016,1:16
smb117qhg,19/1/2016,1:16
hvdq3281nc,19/1/2016,1:18
sk672eaqo,19/1/2016,1:18
gi126bkb,19/1/2016,1:18
vse9353eibs,19/1/2016,1:18
ogs6060flj,19/1/2016,1:18
rbj610hw,19/1/2016,1:56
rbx548dmq,19/1/2016,1:56
ogs6060flj,19/1/2016,1:56
ex36hc,19/1/2016,1:56
ui7308gbf,19/1/2016,1:56
mf42ftn,19/1/2016,1:52
rcs393bqo,19/1/2016,1:52
smb117qhg,19/1/2016,1:52
ir98ia,19/1/2016,1:52
fa479tj,19/1/2016,1:52
xx1320sx,19/1/2016,1:55
hvdq3281nc,19/1/2016,1:55
argk67boie,19/1/2016,1:55
jxj97ey,19/1/2016,1:55
fr01ape,19/1/2016,1:55
xqin370gxy,19/1/2016,4:50
hvdq3281nc,19/1/2016,4:50
mf42ftn,19/1/2016,4:50
xrm554tj,19/1/2016,4:50
ui7308gbf,19/1/2016,4:50
hvdq3281nc,19/1/2016,4:1
lr877rw,19/1/2016,4:1
gi126bkb,19/1/2016,4:1
jk64wgcp,19/1/2016,4:1
jxj97ey,19/1/2016,4:1
rcs393bqo,19/1/2016,4:49
argk67boie,19/1/2016,4:49
hmf824an,19/1/2016,4:49
fa479tj,19/1/2016,4:49
ulp3214ix,19/1/2016,4:49
xqin370gxy,19/1/2016,4:36
rcs393bqo,19/1/2016,4:36
jqbd1899wyy,19/1/2016,4:36
lg1546kkwr,19/1/2016,4:36
xx1320sx,19/1/2016,4:36
fhbm1548mlie,19/1/2016,4:24
jk64wgcp,19/1/2016,4:24
ex36hc,19/1/2016,4:24
mrtw16hina,19/1/2016,4:24
fa479tj,19/1/2016,4:24
jxj97ey,19/1/2016,15:56
pru7926roq,19/1/2016,15:56
yhvk98wwo,19/1/2016,15:56
xi795wn,19/1/2016,15:56
vse9353eibs,19/1/2016,15:56
qxsp2555mjj,19/1/2016,15:43
oe22wm,19/1/2016,15:43
fa479tj,19/1/2016,15:43
at0092vovw,19/1/2016,15:43
ui7308gbf,19/1/2016,15:43
pru7926roq,19/1/2016,15:5
gi126bkb,19/1/2016,15:5
lr877rw,19/1/2016,15:5
fr01ape,19/1/2016,15:5
xrm554tj,19/1/2016,15:5
xkk09xk,19/1/2016,15:41
fhbm1548mlie,19/1/2016,15:41
vhfm841ctkf,19/1/2016,15:41
xqin370gxy,19/1/2016,15:41
me3583cxm,19/1/2016,15:41
meig27cgn,19/1/2016,15:15
ui7308gbf,19/1/2016,15:15
wu13bnwg,19/1/2016,15:15
lg1546kkwr,19/1/2016,15:15
fr01ape,19/1/2016,15:15
pru7926roq,19/1/2016,12:9
gi126bkb,19/1/2016,12:9
ui7308gbf,19/1/2016,12:9
fa479tj,19/1/2016,12:9
xqin370gxy,19/1/2016,12:9
xkk09xk,19/1/2016,12:20
fhbm1548mlie,19/1/2016,12:20
argk67boie,19/1/2016,12:20
xqin370gxy,19/1/2016,12:20
jqbd1899wyy,19/1/2016,12:20
ex36hc,19/1/2016,12:18
ir98ia,19/1/2016,12:18
hvdq3281nc,19/1/2016,12:18
pru7926roq,19/1/2016,12:18
rbx548dmq,19/1/2016,12:18
lr877rw,19/1/2016,12:31
yhvk98wwo,19/1/2016,12:31
hvdq3281nc,19/1/2016,12:31
at0092vovw,19/1/2016,12:31
oy39bt,19/1/2016,12:31
ijb3648lsw,19/1/2016,12:5
fhbm1548mlie,19/1/2016,12:5
pru7926roq,19/1/2016,12:5
fa479tj,19/1/2016,12:5
hn719linu,19/1/2016,12:5
ir98ia,11/1/2016,3:50
xkk09xk,11/1/2016,3:50
hvdq3281nc,11/1/2016,3:50
jk64wgcp,11/1/2016,3:50
ulp3214ix,11/1/2016,3:50
hn719linu,11/1/2016,3:30
pru7926roq,11/1/2016,3:30
me3583cxm,11/1/2016,3:30
vlbg30ylqr,11/1/2016,3:30
vhfm841ctkf,11/1/2016,3:30
gi126bkb,11/1/2016,3:32
vhfm841ctkf,11/1/2016,3:32
ogs6060flj,11/1/2016,3:32
hmf824an,11/1/2016,3:32
xqin370gxy,11/1/2016,3:32
rbx548dmq,11/1/2016,3:38
jk64wgcp,11/1/2016,3:38
lg1546kkwr,11/1/2016,3:38
yhvk98wwo,11/1/2016,3:38
pxwq80iqpl,11/1/2016,3:38
jxj97ey,11/1/2016,3:58
yhvk98wwo,11/1/2016,3:58
uuue70tplp,11/1/2016,3:58
pru7926roq,11/1/2016,3:58
hvdq3281nc,11/1/2016,3:58
argk67boie,11/1/2016,10:47
tb863ue,11/1/2016,10:47
pxwq80iqpl,11/1/2016,10:47
gi126bkb,11/1/2016,10:47
qxsp2555mjj,11/1/2016,10:47
smb117qhg,11/1/2016,10:40
wu13bnwg,11/1/2016,10:40
hvdq3281nc,11/1/2016,10:40
xx1320sx,11/1/2016,10:40
jxj97ey,11/1/2016,10:40
qxsp2555mjj,11/1/2016,10:31
ulp3214ix,11/1/2016,10:31
gi126bkb,11/1/2016,10:31
smb117qhg,11/1/2016,10:31
xrm554tj,11/1/2016,10:31
xqin370gxy,11/1/2016,10:32
jk64wgcp,11/1/2016,10:32
wu13bnwg,11/1/2016,10:32
mrtw16hina,11/1/2016,10:32
tb863ue,11/1/2016,10:32
lr877rw,11/1/2016,10:28
mf42ftn,11/1/2016,10:28
drjj039dt,11/1/2016,10:28
ogs6060flj,11/1/2016,10:28
vlbg30ylqr,11/1/2016,10:28
smb117qhg,11/1/2016,8:52
rbx548dmq,11/1/2016,8:52
dcrv43stp,11/1/2016,8:52
vse9353eibs,11/1/2016,8:52
tb863ue,11/1/2016,8:52
vhfm841ctkf,11/1/2016,8:9
mrtw16hina,11/1/2016,8:9
oy39bt,11/1/2016,8:9
fa479tj,11/1/2016,8:9
hmf824an,11/1/2016,8:9
jk64wgcp,11/1/2016,8:14
meig27cgn,11/1/2016,8:14
pxwq80iqpl,11/1/2016,8:14
mrtw16hina,11/1/2016,8:14
jqbd1899wyy,11/1/2016,8:14
jxj97ey,11/1/2016,8:45
tb863ue,11/1/2016,8:45
me3583cxm,11/1/2016,8:45
rbx548dmq,11/1/2016,8:45
hn719linu,11/1/2016,8:45
dcrv43stp,11/1/2016,8:44
tb863ue,11/1/2016,8:44
uuue70tplp,11/1/2016,8:44
rcs393bqo,11/1/2016,8:44
qxsp2555mjj,11/1/2016,8:44
ogs6060flj,11/1/2016,2:18
ui7308gbf,11/1/2016,2:18
ir98ia,11/1/2016,2:18
hvdq3281nc,11/1/2016,2:18
xi795wn,11/1/2016,2:18
vhfm841ctkf,11/1/2016,2:52
fr01ape,11/1/2016,2:52
hn719linu,11/1/2016,2:52
pru7926roq,11/1/2016,2:52
rbx548dmq,11/1/2016,2:52
hvdq3281nc,11/1/2016,2:4
fr01ape,11/1/2016,2:4
rbj610hw,11/1/2016,2:4
lg1546kkwr,11/1/2016,2:4
lr877rw,11/1/2016,2:4
wu13bnwg,11/1/2016,2:12
ex36hc,11/1/2016,2:12
jk64wgcp,11/1/2016,2:12
oe22wm,11/1/2016,2:12
me3583cxm,11/1/2016,2:12
sk672eaqo,11/1/2016,2:39
xqin370gxy,11/1/2016,2:39
ijb3648lsw,11/1/2016,2:39
vhfm841ctkf,11/1/2016,2:39
at0092vovw,11/1/2016,2:39
xkk09xk,11/1/2016,4:36
wu13bnwg,11/1/2016,4:36
xrm554tj,11/1/2016,4:36
rbx548dmq,11/1/2016,4:36
me3583cxm,11/1/2016,4:36
yhvk98wwo,11/1/2016,4:16
ijb3648lsw,11/1/2016,4:16
vse9353eibs,11/1/2016,4:16
ir98ia,11/1/2016,4:16
uuue70tplp,11/1/2016,4:16
ulp3214ix,11/1/2016,4:21
xqin370gxy,11/1/2016,4:21
yhvk98wwo,11/1/2016,4:21
jk64wgcp,11/1/2016,4:21
rbj610hw,11/1/2016,4:21
fhbm1548mlie,11/1/2016,4:6
at0092vovw,11/1/2016,4:6
jxj97ey,11/1/2016,4:6
smb117qhg,11/1/2016,4:6
xkk09xk,11/1/2016,4:6
gi126bkb,11/1/2016,4:54
xqin370gxy,11/1/2016,4:54
xrm554tj,11/1/2016,4:54
pru7926roq,11/1/2016,4:54
meig27cgn,11/1/2016,4:54
hmf824an,20/1/2016,9:25
pxwq80iqpl,20/1/2016,9:25
fhbm1548mlie,20/1/2016,9:25
xrm554tj,20/1/2016,9:25
qxsp2555mjj,20/1/2016,9:25
pru7926roq,20/1/2016,9:31
yhvk98wwo,20/1/2016,9:31
me3583cxm,20/1/2016,9:31
uuue70tplp,20/1/2016,9:31
ijb3648lsw,20/1/2016,9:31
vlbg30ylqr,20/1/2016,9:12
qxsp2555mjj,20/1/2016,9:12
jk64wgcp,20/1/2016,9:12
me3583cxm,20/1/2016,9:12
mrtw16hina,20/1/2016,9:12
lr877rw,20/1/2016,9:37
oy39bt,20/1/2016,9:37
tb863ue,20/1/2016,9:37
xkk09xk,20/1/2016,9:37
lg1546kkwr,20/1/2016,9:37
xi795wn,20/1/2016,9:6
smb117qhg,20/1/2016,9:6
rbj610hw,20/1/2016,9:6
vhfm841ctkf,20/1/2016,9:6
drjj039dt,20/1/2016,9:6
oe22wm,20/1/2016,22:42
vlbg30ylqr,20/1/2016,22:42
jqbd1899wyy,20/1/2016,22:42
meig27cgn,20/1/2016,22:42
gi126bkb,20/1/2016,22:42
xrm554tj,20/1/2016,22:7
ir98ia,20/1/2016,22:7
pru7926roq,20/1/2016,22:7
jqbd1899wyy,20/1/2016,22:7
smb117qhg,20/1/2016,22:7
sim99uy,20/1/2016,22:19
ex36hc,20/1/2016,22:19
gi126bkb,20/1/2016,22:19
mf42ftn,20/1/2016,22:19
argk67boie,20/1/2016,22:19
mf42ftn,20/1/2016,22:30
ir98ia,20/1/2016,22:30
jqbd1899wyy,20/1/2016,22:30
rbj610hw,20/1/2016,22:30
mrtw16hina,20/1/2016,22:30
vse9353eibs,20/1/2016,22:53
jqbd1899wyy,20/1/2016,22:53
hmf824an,20/1/2016,22:53
meig27cgn,20/1/2016,22:53
gi126bkb,20/1/2016,22:53
xx1320sx,20/1/2016,6:9
oy39bt,20/1/2016,6:9
argk67boie,20/1/2016,6:9
drjj039dt,20/1/2016,6:9
fhbm1548mlie,20/1/2016,6:9
gi126bkb,20/1/2016,6:54
xkk09xk,20/1/2016,6:54
sim99uy,20/1/2016,6:54
me3583cxm,20/1/2016,6:54
lg1546kkwr,20/1/2016,6:54
jk64wgcp,20/1/2016,6:38
oe22wm,20/1/2016,6:38
qxsp2555mjj,20/1/2016,6:38
vhfm841ctkf,20/1/2016,6:38
pru7926roq,20/1/2016,6:38
argk67boie,20/1/2016,6:43
xqin370gxy,20/1/2016,6:43
vse9353eibs,20/1/2016,6:43
ir98ia,20/1/2016,6:43
jxj97ey,20/1/2016,6:43
fr01ape,20/1/2016,6:1
jk64wgcp,20/1/2016,6:1
xi795wn,20/1/2016,6:1
fhbm1548mlie,20/1/2016,6:1
hvdq3281nc,20/1/2016,6:1
xkk09xk,20/1/2016,16:33
xqin370gxy,20/1/2016,16:33
at0092vovw,20/1/2016,16:33
lr877rw,20/1/2016,16:33
wu13bnwg,20/1/2016,16:33
ijb3648lsw,20/1/2016,16:8
sim99uy,20/1/2016,16:8
yhvk98wwo,20/1/2016,16:8
meig27cgn,20/1/2016,16:8
xqin370gxy,20/1/2016,16:8
ijb3648lsw,20/1/2016,16:23
hn719linu,20/1/2016,16:23
lg1546kkwr,20/1/2016,16:23
dcrv43stp,20/1/2016,16:23
smb117qhg,20/1/2016,16:23
xx1320sx,20/1/2016,16:39
vhfm841ctkf,20/1/2016,16:39
rbx548dmq,20/1/2016,16:39
fa479tj,20/1/2016,16:39
jxj97ey,20/1/2016,16:39
hmf824an,20/1/2016,16:18
xkk09xk,20/1/2016,16:18
rcs393bqo,20/1/2016,16:18
drjj039dt,20/1/2016,16:18
oe22wm,20/1/2016,16:18
me3583cxm,20/1/2016,20:1
pru7926roq,20/1/2016,20:1
rbx548dmq,20/1/2016,20:1
oe22wm,20/1/2016,20:1
jqbd1899wyy,20/1/2016,20:1
lg1546kkwr,20/1/2016,20:34
jxj97ey,20/1/2016,20:34
at0092vovw,20/1/2016,20:34
lr877rw,20/1/2016,20:34
jqbd1899wyy,20/1/2016,20:34
jxj97ey,20/1/2016,20:52
uuue70tplp,20/1/2016,20:52
sim99uy,20/1/2016,20:52
fr01ape,20/1/2016,20:52
oy39bt,20/1/2016,20:52
fr01ape,20/1/2016,20:36
jqbd1899wyy,20/1/2016,20:36
rbj610hw,20/1/2016,20:36
rbx548dmq,20/1/2016,20:36
xkk09xk,20/1/2016,20:36
wu13bnwg,20/1/2016,20:38
vse9353eibs,20/1/2016,20:38
gi126bkb,20/1/2016,20:38
pru7926roq,20/1/2016,20:38
oe22wm,20/1/2016,20:38
hvdq3281nc,27/1/2016,19:27
hmf824an,27/1/2016,19:27
ogs6060flj,27/1/2016,19:27
fa479tj,27/1/2016,19:27
gi126bkb,27/1/2016,19:27
jxj97ey,27/1/2016,19:29
sim99uy,27/1/2016,19:29
lr877rw,27/1/2016,19:29
rbx548dmq,27/1/2016,19:29
ogs6060flj,27/1/2016,19:29
xrm554tj,27/1/2016,19:54
meig27cgn,27/1/2016,19:54
fa479tj,27/1/2016,19:54
drjj039dt,27/1/2016,19:54
ogs6060flj,27/1/2016,19:54
jxj97ey,27/1/2016,19:18
fr01ape,27/1/2016,19:18
yhvk98wwo,27/1/2016,19:18
pru7926roq,27/1/2016,19:18
jk64wgcp,27/1/2016,19:18
dcrv43stp,27/1/2016,19:13
pru7926roq,27/1/2016,19:13
vlbg30ylqr,27/1/2016,19:13
uuue70tplp,27/1/2016,19:13
vhfm841ctkf,27/1/2016,19:13
xrm554tj,27/1/2016,4:46
pru7926roq,27/1/2016,4:46
mf42ftn,27/1/2016,4:46
pxwq80iqpl,27/1/2016,4:46
ex36hc,27/1/2016,4:46
pxwq80iqpl,27/1/2016,4:28
hmf824an,27/1/2016,4:28
smb117qhg,27/1/2016,4:28
rbj610hw,27/1/2016,4:28
dcrv43stp,27/1/2016,4:28
hn719linu,27/1/2016,4:5
at0092vovw,27/1/2016,4:5
yhvk98wwo,27/1/2016,4:5
drjj039dt,27/1/2016,4:5
ir98ia,27/1/2016,4:5
tb863ue,27/1/2016,4:1
wu13bnwg,27/1/2016,4:1
oe22wm,27/1/2016,4:1
sk672eaqo,27/1/2016,4:1
lr877rw,27/1/2016,4:1
jk64wgcp,27/1/2016,4:26
vhfm841ctkf,27/1/2016,4:26
gi126bkb,27/1/2016,4:26
qxsp2555mjj,27/1/2016,4:26
xrm554tj,27/1/2016,4:26
rbx548dmq,27/1/2016,6:27
gi126bkb,27/1/2016,6:27
fr01ape,27/1/2016,6:27
vse9353eibs,27/1/2016,6:27
hvdq3281nc,27/1/2016,6:27
lr877rw,27/1/2016,6:49
xqin370gxy,27/1/2016,6:49
jk64wgcp,27/1/2016,6:49
jqbd1899wyy,27/1/2016,6:49
qxsp2555mjj,27/1/2016,6:49
xi795wn,27/1/2016,6:20
hn719linu,27/1/2016,6:20
ulp3214ix,27/1/2016,6:20
lg1546kkwr,27/1/2016,6:20
xx1320sx,27/1/2016,6:20
lr877rw,27/1/2016,6:50
meig27cgn,27/1/2016,6:50
rbx548dmq,27/1/2016,6:50
jk64wgcp,27/1/2016,6:50
hvdq3281nc,27/1/2016,6:50
xkk09xk,27/1/2016,6:40
mrtw16hina,27/1/2016,6:40
mf42ftn,27/1/2016,6:40
ulp3214ix,27/1/2016,6:40
rbx548dmq,27/1/2016,6:40
yhvk98wwo,27/1/2016,5:23
jxj97ey,27/1/2016,5:23
fhbm1548mlie,27/1/2016,5:23
fa479tj,27/1/2016,5:23
oy39bt,27/1/2016,5:23
yhvk98wwo,27/1/2016,5:0
gi126bkb,27/1/2016,5:0
xkk09xk,27/1/2016,5:0
uuue70tplp,27/1/2016,5:0
hn719linu,27/1/2016,5:0
xrm554tj,27/1/2016,5:18
rbj610hw,27/1/2016,5:18
argk67boie,27/1/2016,5:18
ui7308gbf,27/1/2016,5:18
sim99uy,27/1/2016,5:18
ir98ia,27/1/2016,5:21
oe22wm,27/1/2016,5:21
tb863ue,27/1/2016,5:21
xi795wn,27/1/2016,5:21
fhbm1548mlie,27/1/2016,5:21
jxj97ey,27/1/2016,5:44
ulp3214ix,27/1/2016,5:44
gi126bkb,27/1/2016,5:44
hvdq3281nc,27/1/2016,5:44
hmf824an,27/1/2016,5:44
xkk09xk,27/1/2016,9:26
me3583cxm,27/1/2016,9:26
drjj039dt,27/1/2016,9:26
rbx548dmq,27/1/2016,9:26
uuue70tplp,27/1/2016,9:26
fa479tj,27/1/2016,9:50
ogs6060flj,27/1/2016,9:50
argk67boie,27/1/2016,9:50
pru7926roq,27/1/2016,9:50
ulp3214ix,27/1/2016,9:50
pxwq80iqpl,27/1/2016,9:44
rbj610hw,27/1/2016,9:44
ir98ia,27/1/2016,9:44
smb117qhg,27/1/2016,9:44
vse9353eibs,27/1/2016,9:44
ijb3648lsw,27/1/2016,9:33
rbx548dmq,27/1/2016,9:33
vhfm841ctkf,27/1/2016,9:33
fa479tj,27/1/2016,9:33
xkk09xk,27/1/2016,9:33
oy39bt,27/1/2016,9:7
gi126bkb,27/1/2016,9:7
ijb3648lsw,27/1/2016,9:7
sk672eaqo,27/1/2016,9:7
jk64wgcp,27/1/2016,9:7
ui7308gbf,10/2/2016,21:12
at0092vovw,10/2/2016,21:12
fhbm1548mlie,10/2/2016,21:12
ulp3214ix,10/2/2016,21:12
xrm554tj,10/2/2016,21:12
jqbd1899wyy,10/2/2016,21:19
fr01ape,10/2/2016,21:19
oy39bt,10/2/2016,21:19
xi795wn,10/2/2016,21:19
xrm554tj,10/2/2016,21:19
hmf824an,10/2/2016,21:21
fr01ape,10/2/2016,21:21
sk672eaqo,10/2/2016,21:21
uuue70tplp,10/2/2016,21:21
oy39bt,10/2/2016,21:21
uuue70tplp,10/2/2016,21:15
jqbd1899wyy,10/2/2016,21:15
ulp3214ix,10/2/2016,21:15
smb117qhg,10/2/2016,21:15
xrm554tj,10/2/2016,21:15
yhvk98wwo,10/2/2016,21:44
ex36hc,10/2/2016,21:44
xx1320sx,10/2/2016,21:44
xkk09xk,10/2/2016,21:44
pxwq80iqpl,10/2/2016,21:44
drjj039dt,10/2/2016,10:14
hmf824an,10/2/2016,10:14
sim99uy,10/2/2016,10:14
argk67boie,10/2/2016,10:14
ulp3214ix,10/2/2016,10:14
xrm554tj,10/2/2016,10:37
xi795wn,10/2/2016,10:37
vse9353eibs,10/2/2016,10:37
fhbm1548mlie,10/2/2016,10:37
mf42ftn,10/2/2016,10:37
fa479tj,10/2/2016,10:11
rcs393bqo,10/2/2016,10:11
argk67boie,10/2/2016,10:11
xkk09xk,10/2/2016,10:11
mrtw16hina,10/2/2016,10:11
hmf824an,10/2/2016,10:41
ex36hc,10/2/2016,10:41
ogs6060flj,10/2/2016,10:41
rcs393bqo,10/2/2016,10:41
xx1320sx,10/2/2016,10:41
ogs6060flj,10/2/2016,10:30
rbx548dmq,10/2/2016,10:30
rbj610hw,10/2/2016,10:30
gi126bkb,10/2/2016,10:30
xqin370gxy,10/2/2016,10:30
hvdq3281nc,10/2/2016,23:27
ui7308gbf,10/2/2016,23:27
ex36hc,10/2/2016,23:27
yhvk98wwo,10/2/2016,23:27
hn719linu,10/2/2016,23:27
uuue70tplp,10/2/2016,23:37
xqin370gxy,10/2/2016,23:37
me3583cxm,10/2/2016,23:37
fr01ape,10/2/2016,23:37
oy39bt,10/2/2016,23:37
oy39bt,10/2/2016,23:41
lr877rw,10/2/2016,23:41
at0092vovw,10/2/2016,23:41
ex36hc,10/2/2016,23:41
gi126bkb,10/2/2016,23:41
wu13bnwg,10/2/2016,23:56
jxj97ey,10/2/2016,23:56
mrtw16hina,10/2/2016,23:56
fa479tj,10/2/2016,23:56
pxwq80iqpl,10/2/2016,23:56
hmf824an,10/2/2016,23:21
fa479tj,10/2/2016,23:21
rbx548dmq,10/2/2016,23:21
ijb3648lsw,10/2/2016,23:21
mf42ftn,10/2/2016,23:21
rbx548dmq,10/2/2016,4:20
vse9353eibs,10/2/2016,4:20
fr01ape,10/2/2016,4:20
smb117qhg,10/2/2016,4:20
ex36hc,10/2/2016,4:20
at0092vovw,10/2/2016,4:50
lr877rw,10/2/2016,4:50
oe22wm,10/2/2016,4:50
rbx548dmq,10/2/2016,4:50
ex36hc,10/2/2016,4:50
ui7308gbf,10/2/2016,4:36
pxwq80iqpl,10/2/2016,4:36
mf42ftn,10/2/2016,4:36
xx1320sx,10/2/2016,4:36
argk67boie,10/2/2016,4:36
sim99uy,10/2/2016,4:52
lg1546kkwr,10/2/2016,4:52
pru7926roq,10/2/2016,4:52
smb117qhg,10/2/2016,4:52
tb863ue,10/2/2016,4:52
xx1320sx,10/2/2016,4:43
xi795wn,10/2/2016,4:43
uuue70tplp,10/2/2016,4:43
dcrv43stp,10/2/2016,4:43
mrtw16hina,10/2/2016,4:43
jk64wgcp,10/2/2016,19:23
qxsp2555mjj,10/2/2016,19:23
fa479tj,10/2/2016,19:23
smb117qhg,10/2/2016,19:23
mf42ftn,10/2/2016,19:23
mrtw16hina,10/2/2016,19:27
lg1546kkwr,10/2/2016,19:27
hvdq3281nc,10/2/2016,19:27
vhfm841ctkf,10/2/2016,19:27
argk67boie,10/2/2016,19:27
jk64wgcp,10/2/2016,19:26
xi795wn,10/2/2016,19:26
mf42ftn,10/2/2016,19:26
gi126bkb,10/2/2016,19:26
uuue70tplp,10/2/2016,19:26
uuue70tplp,10/2/2016,19:12
argk67boie,10/2/2016,19:12
hn719linu,10/2/2016,19:12
lg1546kkwr,10/2/2016,19:12
wu13bnwg,10/2/2016,19:12
ex36hc,10/2/2016,19:0
jqbd1899wyy,10/2/2016,19:0
dcrv43stp,10/2/2016,19:0
pru7926roq,10/2/2016,19:0
wu13bnwg,10/2/2016,19:0
ogs6060flj,13/2/2016,2:3
oy39bt,13/2/2016,2:3
jk64wgcp,13/2/2016,2:3
hvdq3281nc,13/2/2016,2:3
smb117qhg,13/2/2016,2:3
oe22wm,13/2/2016,2:10
xkk09xk,13/2/2016,2:10
mf42ftn,13/2/2016,2:10
xqin370gxy,13/2/2016,2:10
xx1320sx,13/2/2016,2:10
fhbm1548mlie,13/2/2016,2:50
xqin370gxy,13/2/2016,2:50
rcs393bqo,13/2/2016,2:50
hvdq3281nc,13/2/2016,2:50
lr877rw,13/2/2016,2:50
hn719linu,13/2/2016,2:48
ijb3648lsw,13/2/2016,2:48
meig27cgn,13/2/2016,2:48
ui7308gbf,13/2/2016,2:48
drjj039dt,13/2/2016,2:48
lg1546kkwr,13/2/2016,2:30
gi126bkb,13/2/2016,2:30
ir98ia,13/2/2016,2:30
argk67boie,13/2/2016,2:30
smb117qhg,13/2/2016,2:30
dcrv43stp,13/2/2016,21:12
rbj610hw,13/2/2016,21:12
ulp3214ix,13/2/2016,21:12
oy39bt,13/2/2016,21:12
ogs6060flj,13/2/2016,21:12
sim99uy,13/2/2016,21:59
dcrv43stp,13/2/2016,21:59
uuue70tplp,13/2/2016,21:59
sk672eaqo,13/2/2016,21:59
smb117qhg,13/2/2016,21:59
jxj97ey,13/2/2016,21:3
ir98ia,13/2/2016,21:3
fa479tj,13/2/2016,21:3
uuue70tplp,13/2/2016,21:3
xrm554tj,13/2/2016,21:3
oy39bt,13/2/2016,21:5
ex36hc,13/2/2016,21:5
jk64wgcp,13/2/2016,21:5
fr01ape,13/2/2016,21:5
ijb3648lsw,13/2/2016,21:5
gi126bkb,13/2/2016,21:39
vhfm841ctkf,13/2/2016,21:39
rcs393bqo,13/2/2016,21:39
ogs6060flj,13/2/2016,21:39
yhvk98wwo,13/2/2016,21:39
oe22wm,13/2/2016,11:31
rcs393bqo,13/2/2016,11:31
gi126bkb,13/2/2016,11:31
xqin370gxy,13/2/2016,11:31
xkk09xk,13/2/2016,11:31
me3583cxm,13/2/2016,11:40
vse9353eibs,13/2/2016,11:40
uuue70tplp,13/2/2016,11:40
xx1320sx,13/2/2016,11:40
mrtw16hina,13/2/2016,11:40
fr01ape,13/2/2016,11:7
wu13bnwg,13/2/2016,11:7
vlbg30ylqr,13/2/2016,11:7
dcrv43stp,13/2/2016,11:7
hvdq3281nc,13/2/2016,11:7
rcs393bqo,13/2/2016,11:50
rbj610hw,13/2/2016,11:50
pxwq80iqpl,13/2/2016,11:50
argk67boie,13/2/2016,11:50
drjj039dt,13/2/2016,11:50
mf42ftn,13/2/2016,11:18
fr01ape,13/2/2016,11:18
sim99uy,13/2/2016,11:18
xkk09xk,13/2/2016,11:18
smb117qhg,13/2/2016,11:18
hmf824an,13/2/2016,9:32
ijb3648lsw,13/2/2016,9:32
xqin370gxy,13/2/2016,9:32
tb863ue,13/2/2016,9:32
fhbm1548mlie,13/2/2016,9:32
lr877rw,13/2/2016,9:51
hn719linu,13/2/2016,9:51
smb117qhg,13/2/2016,9:51
ijb3648lsw,13/2/2016,9:51
rbj610hw,13/2/2016,9:51
jxj97ey,13/2/2016,9:3
drjj039dt,13/2/2016,9:3
oy39bt,13/2/2016,9:3
jqbd1899wyy,13/2/2016,9:3
gi126bkb,13/2/2016,9:3
jk64wgcp,13/2/2016,9:57
lg1546kkwr,13/2/2016,9:57
oe22wm,13/2/2016,9:57
xqin370gxy,13/2/2016,9:57
xkk09xk,13/2/2016,9:57
ui7308gbf,13/2/2016,9:19
uuue70tplp,13/2/2016,9:19
rcs393bqo,13/2/2016,9:19
meig27cgn,13/2/2016,9:19
pxwq80iqpl,13/2/2016,9:19
yhvk98wwo,13/2/2016,0:23
fa479tj,13/2/2016,0:23
ex36hc,13/2/2016,0:23
mf42ftn,13/2/2016,0:23
ulp3214ix,13/2/2016,0:23
jxj97ey,13/2/2016,0:15
me3583cxm,13/2/2016,0:15
meig27cgn,13/2/2016,0:15
oe22wm,13/2/2016,0:15
jqbd1899wyy,13/2/2016,0:15
at0092vovw,13/2/2016,0:9
xqin370gxy,13/2/2016,0:9
jk64wgcp,13/2/2016,0:9
vse9353eibs,13/2/2016,0:9
oy39bt,13/2/2016,0:9
jk64wgcp,13/2/2016,0:51
ogs6060flj,13/2/2016,0:51
sim99uy,13/2/2016,0:51
ui7308gbf,13/2/2016,0:51
xx1320sx,13/2/2016,0:51
fr01ape,13/2/2016,0:44
sk672eaqo,13/2/2016,0:44
hmf824an,13/2/2016,0:44
xqin370gxy,13/2/2016,0:44
rcs393bqo,13/2/2016,0:44
drjj039dt,11/2/2016,22:0
meig27cgn,11/2/2016,22:0
hvdq3281nc,11/2/2016,22:0
oe22wm,11/2/2016,22:0
sim99uy,11/2/2016,22:0
hn719linu,11/2/2016,22:18
meig27cgn,11/2/2016,22:18
ui7308gbf,11/2/2016,22:18
ex36hc,11/2/2016,22:18
ogs6060flj,11/2/2016,22:18
gi126bkb,11/2/2016,22:27
xqin370gxy,11/2/2016,22:27
rbj610hw,11/2/2016,22:27
qxsp2555mjj,11/2/2016,22:27
ulp3214ix,11/2/2016,22:27
vlbg30ylqr,11/2/2016,22:24
fr01ape,11/2/2016,22:24
ex36hc,11/2/2016,22:24
hvdq3281nc,11/2/2016,22:24
wu13bnwg,11/2/2016,22:24
ulp3214ix,11/2/2016,22:25
oe22wm,11/2/2016,22:25
smb117qhg,11/2/2016,22:25
jk64wgcp,11/2/2016,22:25
rbx548dmq,11/2/2016,22:25
meig27cgn,11/2/2016,7:15
fa479tj,11/2/2016,7:15
drjj039dt,11/2/2016,7:15
uuue70tplp,11/2/2016,7:15
sk672eaqo,11/2/2016,7:15
at0092vovw,11/2/2016,7:2
vhfm841ctkf,11/2/2016,7:2
mf42ftn,11/2/2016,7:2
ui7308gbf,11/2/2016,7:2
tb863ue,11/2/2016,7:2
vse9353eibs,11/2/2016,7:28
ui7308gbf,11/2/2016,7:28
me3583cxm,11/2/2016,7:28
xx1320sx,11/2/2016,7:28
sim99uy,11/2/2016,7:28
tb863ue,11/2/2016,7:51
vhfm841ctkf,11/2/2016,7:51
argk67boie,11/2/2016,7:51
xkk09xk,11/2/2016,7:51
lg1546kkwr,11/2/2016,7:51
ogs6060flj,11/2/2016,7:20
sk672eaqo,11/2/2016,7:20
rbx548dmq,11/2/2016,7:20
ui7308gbf,11/2/2016,7:20
mrtw16hina,11/2/2016,7:20
me3583cxm,11/2/2016,20:16
hn719linu,11/2/2016,20:16
meig27cgn,11/2/2016,20:16
sim99uy,11/2/2016,20:16
qxsp2555mjj,11/2/2016,20:16
xkk09xk,11/2/2016,20:44
hvdq3281nc,11/2/2016,20:44
qxsp2555mjj,11/2/2016,20:44
pxwq80iqpl,11/2/2016,20:44
ui7308gbf,11/2/2016,20:44
oy39bt,11/2/2016,20:5
xi795wn,11/2/2016,20:5
rbj610hw,11/2/2016,20:5
tb863ue,11/2/2016,20:5
at0092vovw,11/2/2016,20:5
yhvk98wwo,11/2/2016,20:34
vlbg30ylqr,11/2/2016,20:34
pxwq80iqpl,11/2/2016,20:34
lr877rw,11/2/2016,20:34
ogs6060flj,11/2/2016,20:34
ex36hc,11/2/2016,20:40
jk64wgcp,11/2/2016,20:40
mrtw16hina,11/2/2016,20:40
ogs6060flj,11/2/2016,20:40
vse9353eibs,11/2/2016,20:40
sim99uy,11/2/2016,5:11
ir98ia,11/2/2016,5:11
vlbg30ylqr,11/2/2016,5:11
uuue70tplp,11/2/2016,5:11
xrm554tj,11/2/2016,5:11
xi795wn,11/2/2016,5:9
me3583cxm,11/2/2016,5:9
dcrv43stp,11/2/2016,5:9
yhvk98wwo,11/2/2016,5:9
xkk09xk,11/2/2016,5:9
vhfm841ctkf,11/2/2016,5:31
rbj610hw,11/2/2016,5:31
tb863ue,11/2/2016,5:31
vlbg30ylqr,11/2/2016,5:31
meig27cgn,11/2/2016,5:31
tb863ue,11/2/2016,5:12
qxsp2555mjj,11/2/2016,5:12
jxj97ey,11/2/2016,5:12
rbx548dmq,11/2/2016,5:12
rcs393bqo,11/2/2016,5:12
hmf824an,11/2/2016,5:14
ijb3648lsw,11/2/2016,5:14
smb117qhg,11/2/2016,5:14
jxj97ey,11/2/2016,5:14
oy39bt,11/2/2016,5:14
jk64wgcp,11/2/2016,0:26
ex36hc,11/2/2016,0:26
ulp3214ix,11/2/2016,0:26
xx1320sx,11/2/2016,0:26
xi795wn,11/2/2016,0:26
mf42ftn,11/2/2016,0:53
ogs6060flj,11/2/2016,0:53
qxsp2555mjj,11/2/2016,0:53
tb863ue,11/2/2016,0:53
mrtw16hina,11/2/2016,0:53
tb863ue,11/2/2016,0:59
xrm554tj,11/2/2016,0:59
sk672eaqo,11/2/2016,0:59
smb117qhg,11/2/2016,0:59
ir98ia,11/2/2016,0:59
fa479tj,11/2/2016,0:22
at0092vovw,11/2/2016,0:22
ir98ia,11/2/2016,0:22
rbx548dmq,11/2/2016,0:22
oe22wm,11/2/2016,0:22
qxsp2555mjj,11/2/2016,0:15
wu13bnwg,11/2/2016,0:15
lg1546kkwr,11/2/2016,0:15
ir98ia,11/2/2016,0:15
tb863ue,11/2/2016,0:15
yhvk98wwo,27/2/2016,15:44
meig27cgn,27/2/2016,15:44
ulp3214ix,27/2/2016,15:44
argk67boie,27/2/2016,15:44
rbx548dmq,27/2/2016,15:44
xx1320sx,27/2/2016,15:12
smb117qhg,27/2/2016,15:12
ui7308gbf,27/2/2016,15:12
fr01ape,27/2/2016,15:12
uuue70tplp,27/2/2016,15:12
fa479tj,27/2/2016,15:21
ui7308gbf,27/2/2016,15:21
rbx548dmq,27/2/2016,15:21
at0092vovw,27/2/2016,15:21
fr01ape,27/2/2016,15:21
hn719linu,27/2/2016,15:54
ulp3214ix,27/2/2016,15:54
jk64wgcp,27/2/2016,15:54
gi126bkb,27/2/2016,15:54
mrtw16hina,27/2/2016,15:54
uuue70tplp,27/2/2016,15:28
jxj97ey,27/2/2016,15:28
xrm554tj,27/2/2016,15:28
meig27cgn,27/2/2016,15:28
qxsp2555mjj,27/2/2016,15:28
hn719linu,27/2/2016,1:41
dcrv43stp,27/2/2016,1:41
xi795wn,27/2/2016,1:41
xkk09xk,27/2/2016,1:41
hmf824an,27/2/2016,1:41
ulp3214ix,27/2/2016,1:1
lr877rw,27/2/2016,1:1
sim99uy,27/2/2016,1:1
xqin370gxy,27/2/2016,1:1
fhbm1548mlie,27/2/2016,1:1
vse9353eibs,27/2/2016,1:22
fa479tj,27/2/2016,1:22
jxj97ey,27/2/2016,1:22
mf42ftn,27/2/2016,1:22
drjj039dt,27/2/2016,1:22
jk64wgcp,27/2/2016,1:44
smb117qhg,27/2/2016,1:44
vlbg30ylqr,27/2/2016,1:44
ogs6060flj,27/2/2016,1:44
fhbm1548mlie,27/2/2016,1:44
hvdq3281nc,27/2/2016,1:19
hmf824an,27/2/2016,1:19
lr877rw,27/2/2016,1:19
pxwq80iqpl,27/2/2016,1:19
vlbg30ylqr,27/2/2016,1:19
wu13bnwg,27/2/2016,4:56
sk672eaqo,27/2/2016,4:56
hvdq3281nc,27/2/2016,4:56
ulp3214ix,27/2/2016,4:56
yhvk98wwo,27/2/2016,4:56
oy39bt,27/2/2016,4:14
fa479tj,27/2/2016,4:14
rbj610hw,27/2/2016,4:14
mrtw16hina,27/2/2016,4:14
drjj039dt,27/2/2016,4:14
xx1320sx,27/2/2016,4:5
fr01ape,27/2/2016,4:5
mrtw16hina,27/2/2016,4:5
jqbd1899wyy,27/2/2016,4:5
hvdq3281nc,27/2/2016,4:5
fa479tj,27/2/2016,4:21
xi795wn,27/2/2016,4:21
xx1320sx,27/2/2016,4:21
ex36hc,27/2/2016,4:21
mf42ftn,27/2/2016,4:21
qxsp2555mjj,27/2/2016,4:15
pru7926roq,27/2/2016,4:15
dcrv43stp,27/2/2016,4:15
xqin370gxy,27/2/2016,4:15
argk67boie,27/2/2016,4:15
xqin370gxy,27/2/2016,9:48
hvdq3281nc,27/2/2016,9:48
mf42ftn,27/2/2016,9:48
rcs393bqo,27/2/2016,9:48
argk67boie,27/2/2016,9:48
fr01ape,27/2/2016,9:6
hmf824an,27/2/2016,9:6
vlbg30ylqr,27/2/2016,9:6
xqin370gxy,27/2/2016,9:6
argk67boie,27/2/2016,9:6
oy39bt,27/2/2016,9:49
at0092vovw,27/2/2016,9:49
hn719linu,27/2/2016,9:49
oe22wm,27/2/2016,9:49
yhvk98wwo,27/2/2016,9:49
xrm554tj,27/2/2016,9:5
meig27cgn,27/2/2016,9:5
jk64wgcp,27/2/2016,9:5
uuue70tplp,27/2/2016,9:5
ulp3214ix,27/2/2016,9:5
jxj97ey,27/2/2016,9:11
smb117qhg,27/2/2016,9:11
vlbg30ylqr,27/2/2016,9:11
pxwq80iqpl,27/2/2016,9:11
rbx548dmq,27/2/2016,9:11
lr877rw,27/2/2016,10:22
mf42ftn,27/2/2016,10:22
rbx548dmq,27/2/2016,10:22
rbj610hw,27/2/2016,10:22
qxsp2555mjj,27/2/2016,10:22
vhfm841ctkf,27/2/2016,10:15
at0092vovw,27/2/2016,10:15
rbj610hw,27/2/2016,10:15
ogs6060flj,27/2/2016,10:15
rcs393bqo,27/2/2016,10:15
jk64wgcp,27/2/2016,10:46
dcrv43stp,27/2/2016,10:46
xx1320sx,27/2/2016,10:46
pxwq80iqpl,27/2/2016,10:46
hvdq3281nc,27/2/2016,10:46
argk67boie,27/2/2016,10:0
xrm554tj,27/2/2016,10:0
lr877rw,27/2/2016,10:0
hvdq3281nc,27/2/2016,10:0
fa479tj,27/2/2016,10:0
sim99uy,27/2/2016,10:13
tb863ue,27/2/2016,10:13
oe22wm,27/2/2016,10:13
fr01ape,27/2/2016,10:13
ex36hc,27/2/2016,10:13
tb863ue,15/2/2016,21:21
smb117qhg,15/2/2016,21:21
pru7926roq,15/2/2016,21:21
oy39bt,15/2/2016,21:21
ir98ia,15/2/2016,21:21
xi795wn,15/2/2016,21:4
fa479tj,15/2/2016,21:4
rbj610hw,15/2/2016,21:4
dcrv43stp,15/2/2016,21:4
ir98ia,15/2/2016,21:4
vhfm841ctkf,15/2/2016,21:31
me3583cxm,15/2/2016,21:31
uuue70tplp,15/2/2016,21:31
ex36hc,15/2/2016,21:31
yhvk98wwo,15/2/2016,21:31
lg1546kkwr,15/2/2016,21:24
rbx548dmq,15/2/2016,21:24
pxwq80iqpl,15/2/2016,21:24
me3583cxm,15/2/2016,21:24
dcrv43stp,15/2/2016,21:24
xqin370gxy,15/2/2016,21:38
ogs6060flj,15/2/2016,21:38
fhbm1548mlie,15/2/2016,21:38
sim99uy,15/2/2016,21:38
pxwq80iqpl,15/2/2016,21:38
uuue70tplp,15/2/2016,14:50
jxj97ey,15/2/2016,14:50
mrtw16hina,15/2/2016,14:50
oe22wm,15/2/2016,14:50
hn719linu,15/2/2016,14:50
fa479tj,15/2/2016,14:3
vlbg30ylqr,15/2/2016,14:3
mrtw16hina,15/2/2016,14:3
jxj97ey,15/2/2016,14:3
xqin370gxy,15/2/2016,14:3
meig27cgn,15/2/2016,14:4
oy39bt,15/2/2016,14:4
xkk09xk,15/2/2016,14:4
sim99uy,15/2/2016,14:4
lr877rw,15/2/2016,14:4
ijb3648lsw,15/2/2016,14:47
ex36hc,15/2/2016,14:47
gi126bkb,15/2/2016,14:47
tb863ue,15/2/2016,14:47
rcs393bqo,15/2/2016,14:47
yhvk98wwo,15/2/2016,14:24
xrm554tj,15/2/2016,14:24
hvdq3281nc,15/2/2016,14:24
wu13bnwg,15/2/2016,14:24
mrtw16hina,15/2/2016,14:24
vhfm841ctkf,15/2/2016,8:43
dcrv43stp,15/2/2016,8:43
xrm554tj,15/2/2016,8:43
rbj610hw,15/2/2016,8:43
qxsp2555mjj,15/2/2016,8:43
sim99uy,15/2/2016,8:35
argk67boie,15/2/2016,8:35
smb117qhg,15/2/2016,8:35
tb863ue,15/2/2016,8:35
xx1320sx,15/2/2016,8:35
rbx548dmq,15/2/2016,8:52
hvdq3281nc,15/2/2016,8:52
pru7926roq,15/2/2016,8:52
mf42ftn,15/2/2016,8:52
vlbg30ylqr,15/2/2016,8:52
vlbg30ylqr,15/2/2016,8:32
rbx548dmq,15/2/2016,8:32
mf42ftn,15/2/2016,8:32
ui7308gbf,15/2/2016,8:32
qxsp2555mjj,15/2/2016,8:32
ui7308gbf,15/2/2016,8:11
vlbg30ylqr,15/2/2016,8:11
ijb3648lsw,15/2/2016,8:11
xi795wn,15/2/2016,8:11
xrm554tj,15/2/2016,8:11
drjj039dt,15/2/2016,18:45
ui7308gbf,15/2/2016,18:45
hvdq3281nc,15/2/2016,18:45
xx1320sx,15/2/2016,18:45
at0092vovw,15/2/2016,18:45
jxj97ey,15/2/2016,18:54
smb117qhg,15/2/2016,18:54
rcs393bqo,15/2/2016,18:54
ijb3648lsw,15/2/2016,18:54
lr877rw,15/2/2016,18:54
meig27cgn,15/2/2016,18:14
fa479tj,15/2/2016,18:14
at0092vovw,15/2/2016,18:14
lg1546kkwr,15/2/2016,18:14
ex36hc,15/2/2016,18:14
oy39bt,15/2/2016,18:37
xx1320sx,15/2/2016,18:37
oe22wm,15/2/2016,18:37
uuue70tplp,15/2/2016,18:37
sim99uy,15/2/2016,18:37
lr877rw,15/2/2016,18:33
xrm554tj,15/2/2016,18:33
smb117qhg,15/2/2016,18:33
sim99uy,15/2/2016,18:33
qxsp2555mjj,15/2/2016,18:33
rbj610hw,15/2/2016,2:57
jqbd1899wyy,15/2/2016,2:57
hn719linu,15/2/2016,2:57
wu13bnwg,15/2/2016,2:57
jk64wgcp,15/2/2016,2:57
vlbg30ylqr,15/2/2016,2:31
dcrv43stp,15/2/2016,2:31
pxwq80iqpl,15/2/2016,2:31
rbx548dmq,15/2/2016,2:31
uuue70tplp,15/2/2016,2:31
vhfm841ctkf,15/2/2016,2:42
mf42ftn,15/2/2016,2:42
fr01ape,15/2/2016,2:42
oe22wm,15/2/2016,2:42
ui7308gbf,15/2/2016,2:42
fa479tj,15/2/2016,2:14
hn719linu,15/2/2016,2:14
mf42ftn,15/2/2016,2:14
jqbd1899wyy,15/2/2016,2:14
ijb3648lsw,15/2/2016,2:14
gi126bkb,15/2/2016,2:45
sim99uy,15/2/2016,2:45
yhvk98wwo,15/2/2016,2:45
fa479tj,15/2/2016,2:45
argk67boie,15/2/2016,2:45
vse9353eibs,26/3/2016,5:26
gi126bkb,26/3/2016,5:26
qxsp2555mjj,26/3/2016,5:26
ex36hc,26/3/2016,5:26
at0092vovw,26/3/2016,5:26
vse9353eibs,26/3/2016,5:54
jk64wgcp,26/3/2016,5:54
ulp3214ix,26/3/2016,5:54
at0092vovw,26/3/2016,5:54
yhvk98wwo,26/3/2016,5:54
sim99uy,26/3/2016,5:21
rcs393bqo,26/3/2016,5:21
dcrv43stp,26/3/2016,5:21
xqin370gxy,26/3/2016,5:21
mf42ftn,26/3/2016,5:21
hn719linu,26/3/2016,5:35
ex36hc,26/3/2016,5:35
qxsp2555mjj,26/3/2016,5:35
ijb3648lsw,26/3/2016,5:35
rcs393bqo,26/3/2016,5:35
mrtw16hina,26/3/2016,5:48
dcrv43stp,26/3/2016,5:48
rcs393bqo,26/3/2016,5:48
ir98ia,26/3/2016,5:48
ogs6060flj,26/3/2016,5:48
fr01ape,26/3/2016,7:47
ui7308gbf,26/3/2016,7:47
jqbd1899wyy,26/3/2016,7:47
xi795wn,26/3/2016,7:47
ex36hc,26/3/2016,7:47
dcrv43stp,26/3/2016,7:54
vlbg30ylqr,26/3/2016,7:54
tb863ue,26/3/2016,7:54
mf42ftn,26/3/2016,7:54
mrtw16hina,26/3/2016,7:54
me3583cxm,26/3/2016,7:56
ir98ia,26/3/2016,7:56
pxwq80iqpl,26/3/2016,7:56
yhvk98wwo,26/3/2016,7:56
xkk09xk,26/3/2016,7:56
hmf824an,26/3/2016,7:1
yhvk98wwo,26/3/2016,7:1
mrtw16hina,26/3/2016,7:1
ex36hc,26/3/2016,7:1
vhfm841ctkf,26/3/2016,7:1
hmf824an,26/3/2016,7:7
argk67boie,26/3/2016,7:7
jxj97ey,26/3/2016,7:7
dcrv43stp,26/3/2016,7:7
qxsp2555mjj,26/3/2016,7:7
vse9353eibs,26/3/2016,15:41
hvdq3281nc,26/3/2016,15:41
pxwq80iqpl,26/3/2016,15:41
wu13bnwg,26/3/2016,15:41
rbj610hw,26/3/2016,15:41
vlbg30ylqr,26/3/2016,15:55
meig27cgn,26/3/2016,15:55
at0092vovw,26/3/2016,15:55
sim99uy,26/3/2016,15:55
ijb3648lsw,26/3/2016,15:55
hn719linu,26/3/2016,15:12
vse9353eibs,26/3/2016,15:12
pxwq80iqpl,26/3/2016,15:12
ijb3648lsw,26/3/2016,15:12
oe22wm,26/3/2016,15:12
lr877rw,26/3/2016,15:21
rbj610hw,26/3/2016,15:21
ex36hc,26/3/2016,15:21
argk67boie,26/3/2016,15:21
jxj97ey,26/3/2016,15:21
vhfm841ctkf,26/3/2016,15:34
tb863ue,26/3/2016,15:34
at0092vovw,26/3/2016,15:34
jqbd1899wyy,26/3/2016,15:34
meig27cgn,26/3/2016,15:34
rcs393bqo,26/3/2016,10:2
vse9353eibs,26/3/2016,10:2
gi126bkb,26/3/2016,10:2
fhbm1548mlie,26/3/2016,10:2
hmf824an,26/3/2016,10:2
fr01ape,26/3/2016,10:26
hmf824an,26/3/2016,10:26
smb117qhg,26/3/2016,10:26
lg1546kkwr,26/3/2016,10:26
rcs393bqo,26/3/2016,10:26
drjj039dt,26/3/2016,10:40
oe22wm,26/3/2016,10:40
lr877rw,26/3/2016,10:40
sim99uy,26/3/2016,10:40
ulp3214ix,26/3/2016,10:40
smb117qhg,26/3/2016,10:43
meig27cgn,26/3/2016,10:43
ijb3648lsw,26/3/2016,10:43
uuue70tplp,26/3/2016,10:43
ir98ia,26/3/2016,10:43
vhfm841ctkf,26/3/2016,10:17
hvdq3281nc,26/3/2016,10:17
jqbd1899wyy,26/3/2016,10:17
ogs6060flj,26/3/2016,10:17
argk67boie,26/3/2016,10:17
wu13bnwg,26/3/2016,3:41
xi795wn,26/3/2016,3:41
hmf824an,26/3/2016,3:41
rcs393bqo,26/3/2016,3:41
drjj039dt,26/3/2016,3:41
jqbd1899wyy,26/3/2016,3:23
ogs6060flj,26/3/2016,3:23
ir98ia,26/3/2016,3:23
ex36hc,26/3/2016,3:23
sim99uy,26/3/2016,3:23
sk672eaqo,26/3/2016,3:50
oy39bt,26/3/2016,3:50
fr01ape,26/3/2016,3:50
ui7308gbf,26/3/2016,3:50
vhfm841ctkf,26/3/2016,3:50
lg1546kkwr,26/3/2016,3:6
ijb3648lsw,26/3/2016,3:6
hmf824an,26/3/2016,3:6
oe22wm,26/3/2016,3:6
ui7308gbf,26/3/2016,3:6
drjj039dt,26/3/2016,3:24
xkk09xk,26/3/2016,3:24
mrtw16hina,26/3/2016,3:24
uuue70tplp,26/3/2016,3:24
jqbd1899wyy,26/3/2016,3:24
jxj97ey,25/3/2016,12:47
xx1320sx,25/3/2016,12:47
xkk09xk,25/3/2016,12:47
ulp3214ix,25/3/2016,12:47
oy39bt,25/3/2016,12:47
vlbg30ylqr,25/3/2016,12:35
tb863ue,25/3/2016,12:35
pru7926roq,25/3/2016,12:35
xkk09xk,25/3/2016,12:35
hvdq3281nc,25/3/2016,12:35
lg1546kkwr,25/3/2016,12:41
rcs393bqo,25/3/2016,12:41
dcrv43stp,25/3/2016,12:41
jxj97ey,25/3/2016,12:41
rbx548dmq,25/3/2016,12:41
smb117qhg,25/3/2016,12:48
rcs393bqo,25/3/2016,12:48
xx1320sx,25/3/2016,12:48
ogs6060flj,25/3/2016,12:48
hvdq3281nc,25/3/2016,12:48
wu13bnwg,25/3/2016,12:24
xqin370gxy,25/3/2016,12:24
jk64wgcp,25/3/2016,12:24
xi795wn,25/3/2016,12:24
sk672eaqo,25/3/2016,12:24
qxsp2555mjj,25/3/2016,1:42
rbj610hw,25/3/2016,1:42
tb863ue,25/3/2016,1:42
pru7926roq,25/3/2016,1:42
xqin370gxy,25/3/2016,1:42
mrtw16hina,25/3/2016,1:28
mf42ftn,25/3/2016,1:28
lr877rw,25/3/2016,1:28
meig27cgn,25/3/2016,1:28
me3583cxm,25/3/2016,1:28
vse9353eibs,25/3/2016,1:39
me3583cxm,25/3/2016,1:39
rbj610hw,25/3/2016,1:39
xrm554tj,25/3/2016,1:39
lr877rw,25/3/2016,1:39
ir98ia,25/3/2016,1:2
hn719linu,25/3/2016,1:2
dcrv43stp,25/3/2016,1:2
vlbg30ylqr,25/3/2016,1:2
pxwq80iqpl,25/3/2016,1:2
ogs6060flj,25/3/2016,1:6
lr877rw,25/3/2016,1:6
me3583cxm,25/3/2016,1:6
gi126bkb,25/3/2016,1:6
ui7308gbf,25/3/2016,1:6
sk672eaqo,25/3/2016,21:58
drjj039dt,25/3/2016,21:58
jk64wgcp,25/3/2016,21:58
rbj610hw,25/3/2016,21:58
qxsp2555mjj,25/3/2016,21:58
mrtw16hina,25/3/2016,21:4
wu13bnwg,25/3/2016,21:4
rcs393bqo,25/3/2016,21:4
ijb3648lsw,25/3/2016,21:4
hmf824an,25/3/2016,21:4
rcs393bqo,25/3/2016,21:36
at0092vovw,25/3/2016,21:36
vhfm841ctkf,25/3/2016,21:36
argk67boie,25/3/2016,21:36
lr877rw,25/3/2016,21:36
oy39bt,25/3/2016,21:55
uuue70tplp,25/3/2016,21:55
hn719linu,25/3/2016,21:55
wu13bnwg,25/3/2016,21:55
at0092vovw,25/3/2016,21:55
pru7926roq,25/3/2016,21:43
ogs6060flj,25/3/2016,21:43
smb117qhg,25/3/2016,21:43
rcs393bqo,25/3/2016,21:43
wu13bnwg,25/3/2016,21:43
xrm554tj,25/3/2016,2:52
xi795wn,25/3/2016,2:52
drjj039dt,25/3/2016,2:52
xqin370gxy,25/3/2016,2:52
ui7308gbf,25/3/2016,2:52
ui7308gbf,25/3/2016,2:3
vse9353eibs,25/3/2016,2:3
mrtw16hina,25/3/2016,2:3
fhbm1548mlie,25/3/2016,2:3
fr01ape,25/3/2016,2:3
fr01ape,25/3/2016,2:36
oe22wm,25/3/2016,2:36
hmf824an,25/3/2016,2:36
argk67boie,25/3/2016,2:36
ulp3214ix,25/3/2016,2:36
ogs6060flj,25/3/2016,2:47
rcs393bqo,25/3/2016,2:47
mrtw16hina,25/3/2016,2:47
drjj039dt,25/3/2016,2:47
ulp3214ix,25/3/2016,2:47
pxwq80iqpl,25/3/2016,2:16
ijb3648lsw,25/3/2016,2:16
jk64wgcp,25/3/2016,2:16
ui7308gbf,25/3/2016,2:16
wu13bnwg,25/3/2016,2:16
smb117qhg,25/3/2016,10:31
lg1546kkwr,25/3/2016,10:31
xi795wn,25/3/2016,10:31
hmf824an,25/3/2016,10:31
argk67boie,25/3/2016,10:31
xi795wn,25/3/2016,10:13
vse9353eibs,25/3/2016,10:13
drjj039dt,25/3/2016,10:13
oy39bt,25/3/2016,10:13
fr01ape,25/3/2016,10:13
dcrv43stp,25/3/2016,10:9
ijb3648lsw,25/3/2016,10:9
argk67boie,25/3/2016,10:9
qxsp2555mjj,25/3/2016,10:9
vlbg30ylqr,25/3/2016,10:9
xx1320sx,25/3/2016,10:23
dcrv43stp,25/3/2016,10:23
sim99uy,25/3/2016,10:23
vlbg30ylqr,25/3/2016,10:23
jxj97ey,25/3/2016,10:23
smb117qhg,25/3/2016,10:44
dcrv43stp,25/3/2016,10:44
yhvk98wwo,25/3/2016,10:44
jxj97ey,25/3/2016,10:44
oe22wm,25/3/2016,10:44
xkk09xk,16/3/2016,2:55
smb117qhg,16/3/2016,2:55
rbj610hw,16/3/2016,2:55
ijb3648lsw,16/3/2016,2:55
vlbg30ylqr,16/3/2016,2:55
qxsp2555mjj,16/3/2016,2:20
xx1320sx,16/3/2016,2:20
dcrv43stp,16/3/2016,2:20
gi126bkb,16/3/2016,2:20
meig27cgn,16/3/2016,2:20
jk64wgcp,16/3/2016,2:1
xkk09xk,16/3/2016,2:1
vlbg30ylqr,16/3/2016,2:1
pru7926roq,16/3/2016,2:1
vhfm841ctkf,16/3/2016,2:1
pru7926roq,16/3/2016,2:58
rcs393bqo,16/3/2016,2:58
vhfm841ctkf,16/3/2016,2:58
vse9353eibs,16/3/2016,2:58
me3583cxm,16/3/2016,2:58
rcs393bqo,16/3/2016,2:50
wu13bnwg,16/3/2016,2:50
at0092vovw,16/3/2016,2:50
fhbm1548mlie,16/3/2016,2:50
hn719linu,16/3/2016,2:50
mrtw16hina,16/3/2016,19:31
fa479tj,16/3/2016,19:31
xkk09xk,16/3/2016,19:31
ir98ia,16/3/2016,19:31
uuue70tplp,16/3/2016,19:31
vse9353eibs,16/3/2016,19:47
vlbg30ylqr,16/3/2016,19:47
meig27cgn,16/3/2016,19:47
sim99uy,16/3/2016,19:47
sk672eaqo,16/3/2016,19:47
xi795wn,16/3/2016,19:38
qxsp2555mjj,16/3/2016,19:38
dcrv43stp,16/3/2016,19:38
lr877rw,16/3/2016,19:38
fa479tj,16/3/2016,19:38
me3583cxm,16/3/2016,19:23
rbj610hw,16/3/2016,19:23
pru7926roq,16/3/2016,19:23
lg1546kkwr,16/3/2016,19:23
uuue70tplp,16/3/2016,19:23
hmf824an,16/3/2016,19:12
ogs6060flj,16/3/2016,19:12
rbx548dmq,16/3/2016,19:12
drjj039dt,16/3/2016,19:12
xkk09xk,16/3/2016,19:12
oy39bt,16/3/2016,15:22
xqin370gxy,16/3/2016,15:22
meig27cgn,16/3/2016,15:22
lg1546kkwr,16/3/2016,15:22
gi126bkb,16/3/2016,15:22
xrm554tj,16/3/2016,15:57
uuue70tplp,16/3/2016,15:57
rbj610hw,16/3/2016,15:57
sk672eaqo,16/3/2016,15:57
ogs6060flj,16/3/2016,15:57
gi126bkb,16/3/2016,15:6
uuue70tplp,16/3/2016,15:6
hn719linu,16/3/2016,15:6
ir98ia,16/3/2016,15:6
qxsp2555mjj,16/3/2016,15:6
mrtw16hina,16/3/2016,15:54
pru7926roq,16/3/2016,15:54
xrm554tj,16/3/2016,15:54
smb117qhg,16/3/2016,15:54
pxwq80iqpl,16/3/2016,15:54
lr877rw,16/3/2016,15:43
xqin370gxy,16/3/2016,15:43
xkk09xk,16/3/2016,15:43
yhvk98wwo,16/3/2016,15:43
rbx548dmq,16/3/2016,15:43
pxwq80iqpl,16/3/2016,4:3
xrm554tj,16/3/2016,4:3
rbx548dmq,16/3/2016,4:3
wu13bnwg,16/3/2016,4:3
xx1320sx,16/3/2016,4:3
sim99uy,16/3/2016,4:41
ex36hc,16/3/2016,4:41
hmf824an,16/3/2016,4:41
argk67boie,16/3/2016,4:41
yhvk98wwo,16/3/2016,4:41
ex36hc,16/3/2016,4:29
sk672eaqo,16/3/2016,4:29
jqbd1899wyy,16/3/2016,4:29
mrtw16hina,16/3/2016,4:29
hmf824an,16/3/2016,4:29
rbj610hw,16/3/2016,4:44
me3583cxm,16/3/2016,4:44
rbx548dmq,16/3/2016,4:44
fr01ape,16/3/2016,4:44
sk672eaqo,16/3/2016,4:44
vlbg30ylqr,16/3/2016,4:48
mrtw16hina,16/3/2016,4:48
meig27cgn,16/3/2016,4:48
at0092vovw,16/3/2016,4:48
fa479tj,16/3/2016,4:48
oy39bt,16/3/2016,7:50
sk672eaqo,16/3/2016,7:50
yhvk98wwo,16/3/2016,7:50
wu13bnwg,16/3/2016,7:50
rcs393bqo,16/3/2016,7:50
oe22wm,16/3/2016,7:2
rcs393bqo,16/3/2016,7:2
jk64wgcp,16/3/2016,7:2
hmf824an,16/3/2016,7:2
fr01ape,16/3/2016,7:2
fr01ape,16/3/2016,7:9
ijb3648lsw,16/3/2016,7:9
fhbm1548mlie,16/3/2016,7:9
smb117qhg,16/3/2016,7:9
hn719linu,16/3/2016,7:9
ulp3214ix,16/3/2016,7:20
hvdq3281nc,16/3/2016,7:20
uuue70tplp,16/3/2016,7:20
ui7308gbf,16/3/2016,7:20
mrtw16hina,16/3/2016,7:20
ogs6060flj,16/3/2016,7:7
mf42ftn,16/3/2016,7:7
ir98ia,16/3/2016,7:7
hn719linu,16/3/2016,7:7
uuue70tplp,16/3/2016,7:7
ir98ia,10/3/2016,1:10
qxsp2555mjj,10/3/2016,1:10
fr01ape,10/3/2016,1:10
vlbg30ylqr,10/3/2016,1:10
fhbm1548mlie,10/3/2016,1:10
fa479tj,10/3/2016,1:57
meig27cgn,10/3/2016,1:57
lg1546kkwr,10/3/2016,1:57
jxj97ey,10/3/2016,1:57
vlbg30ylqr,10/3/2016,1:57
rbj610hw,10/3/2016,1:2
at0092vovw,10/3/2016,1:2
ogs6060flj,10/3/2016,1:2
hn719linu,10/3/2016,1:2
ijb3648lsw,10/3/2016,1:2
sim99uy,10/3/2016,1:39
ui7308gbf,10/3/2016,1:39
fr01ape,10/3/2016,1:39
gi126bkb,10/3/2016,1:39
yhvk98wwo,10/3/2016,1:39
rbx548dmq,10/3/2016,1:4
vhfm841ctkf,10/3/2016,1:4
fa479tj,10/3/2016,1:4
meig27cgn,10/3/2016,1:4
vse9353eibs,10/3/2016,1:4
hmf824an,10/3/2016,9:57
me3583cxm,10/3/2016,9:57
ir98ia,10/3/2016,9:57
oy39bt,10/3/2016,9:57
fa479tj,10/3/2016,9:57
hmf824an,10/3/2016,9:16
xqin370gxy,10/3/2016,9:16
drjj039dt,10/3/2016,9:16
wu13bnwg,10/3/2016,9:16
oy39bt,10/3/2016,9:16
fhbm1548mlie,10/3/2016,9:43
meig27cgn,10/3/2016,9:43
fa479tj,10/3/2016,9:43
uuue70tplp,10/3/2016,9:43
me3583cxm,10/3/2016,9:43
pru7926roq,10/3/2016,9:59
qxsp2555mjj,10/3/2016,9:59
drjj039dt,10/3/2016,9:59
smb117qhg,10/3/2016,9:59
rbx548dmq,10/3/2016,9:59
lg1546kkwr,10/3/2016,9:9
argk67boie,10/3/2016,9:9
meig27cgn,10/3/2016,9:9
rbx548dmq,10/3/2016,9:9
ir98ia,10/3/2016,9:9
vse9353eibs,10/3/2016,20:28
rbj610hw,10/3/2016,20:28
tb863ue,10/3/2016,20:28
pxwq80iqpl,10/3/2016,20:28
rbx548dmq,10/3/2016,20:28
oe22wm,10/3/2016,20:55
lr877rw,10/3/2016,20:55
sim99uy,10/3/2016,20:55
tb863ue,10/3/2016,20:55
ir98ia,10/3/2016,20:55
xx1320sx,10/3/2016,20:26
hn719linu,10/3/2016,20:26
hmf824an,10/3/2016,20:26
rbx548dmq,10/3/2016,20:26
vlbg30ylqr,10/3/2016,20:26
mrtw16hina,10/3/2016,20:57
ui7308gbf,10/3/2016,20:57
at0092vovw,10/3/2016,20:57
ex36hc,10/3/2016,20:57
rcs393bqo,10/3/2016,20:57
lg1546kkwr,10/3/2016,20:9
drjj039dt,10/3/2016,20:9
wu13bnwg,10/3/2016,20:9
uuue70tplp,10/3/2016,20:9
ogs6060flj,10/3/2016,20:9
sk672eaqo,10/3/2016,12:58
xqin370gxy,10/3/2016,12:58
xx1320sx,10/3/2016,12:58
rbj610hw,10/3/2016,12:58
vse9353eibs,10/3/2016,12:58
sk672eaqo,10/3/2016,12:54
sim99uy,10/3/2016,12:54
gi126bkb,10/3/2016,12:54
pru7926roq,10/3/2016,12:54
ex36hc,10/3/2016,12:54
meig27cgn,10/3/2016,12:37
rbx548dmq,10/3/2016,12:37
xkk09xk,10/3/2016,12:37
lg1546kkwr,10/3/2016,12:37
wu13bnwg,10/3/2016,12:37
jxj97ey,10/3/2016,12:46
vhfm841ctkf,10/3/2016,12:46
ijb3648lsw,10/3/2016,12:46
fa479tj,10/3/2016,12:46
vlbg30ylqr,10/3/2016,12:46
meig27cgn,10/3/2016,12:18
pxwq80iqpl,10/3/2016,12:18
vse9353eibs,10/3/2016,12:18
tb863ue,10/3/2016,12:18
smb117qhg,10/3/2016,12:18
hmf824an,10/3/2016,21:41
oy39bt,10/3/2016,21:41
argk67boie,10/3/2016,21:41
jqbd1899wyy,10/3/2016,21:41
vlbg30ylqr,10/3/2016,21:41
rbj610hw,10/3/2016,21:56
oy39bt,10/3/2016,21:56
lg1546kkwr,10/3/2016,21:56
xqin370gxy,10/3/2016,21:56
xrm554tj,10/3/2016,21:56
tb863ue,10/3/2016,21:51
lg1546kkwr,10/3/2016,21:51
vse9353eibs,10/3/2016,21:51
dcrv43stp,10/3/2016,21:51
xkk09xk,10/3/2016,21:51
dcrv43stp,10/3/2016,21:58
hn719linu,10/3/2016,21:58
sim99uy,10/3/2016,21:58
drjj039dt,10/3/2016,21:58
vse9353eibs,10/3/2016,21:58
wu13bnwg,10/3/2016,21:43
vlbg30ylqr,10/3/2016,21:43
ex36hc,10/3/2016,21:43
fhbm1548mlie,10/3/2016,21:43
ulp3214ix,10/3/2016,21:43
vhfm841ctkf,28/3/2016,5:11
rbj610hw,28/3/2016,5:11
hn719linu,28/3/2016,5:11
drjj039dt,28/3/2016,5:11
ulp3214ix,28/3/2016,5:11
xx1320sx,28/3/2016,5:54
xrm554tj,28/3/2016,5:54
xqin370gxy,28/3/2016,5:54
ulp3214ix,28/3/2016,5:54
mf42ftn,28/3/2016,5:54
xx1320sx,28/3/2016,5:49
oy39bt,28/3/2016,5:49
at0092vovw,28/3/2016,5:49
xrm554tj,28/3/2016,5:49
hmf824an,28/3/2016,5:49
lr877rw,28/3/2016,5:45
ogs6060flj,28/3/2016,5:45
mf42ftn,28/3/2016,5:45
drjj039dt,28/3/2016,5:45
rbx548dmq,28/3/2016,5:45
fhbm1548mlie,28/3/2016,5:38
xrm554tj,28/3/2016,5:38
ijb3648lsw,28/3/2016,5:38
dcrv43stp,28/3/2016,5:38
pru7926roq,28/3/2016,5:38
meig27cgn,28/3/2016,6:30
jk64wgcp,28/3/2016,6:30
fr01ape,28/3/2016,6:30
mrtw16hina,28/3/2016,6:30
yhvk98wwo,28/3/2016,6:30
me3583cxm,28/3/2016,6:3
oe22wm,28/3/2016,6:3
ulp3214ix,28/3/2016,6:3
vlbg30ylqr,28/3/2016,6:3
ex36hc,28/3/2016,6:3
dcrv43stp,28/3/2016,6:8
sk672eaqo,28/3/2016,6:8
yhvk98wwo,28/3/2016,6:8
rbj610hw,28/3/2016,6:8
hmf824an,28/3/2016,6:8
qxsp2555mjj,28/3/2016,6:1
at0092vovw,28/3/2016,6:1
jk64wgcp,28/3/2016,6:1
drjj039dt,28/3/2016,6:1
xrm554tj,28/3/2016,6:1
me3583cxm,28/3/2016,6:5
vhfm841ctkf,28/3/2016,6:5
drjj039dt,28/3/2016,6:5
wu13bnwg,28/3/2016,6:5
dcrv43stp,28/3/2016,6:5
ex36hc,28/3/2016,2:42
xrm554tj,28/3/2016,2:42
smb117qhg,28/3/2016,2:42
hvdq3281nc,28/3/2016,2:42
uuue70tplp,28/3/2016,2:42
oe22wm,28/3/2016,2:30
vhfm841ctkf,28/3/2016,2:30
gi126bkb,28/3/2016,2:30
uuue70tplp,28/3/2016,2:30
hmf824an,28/3/2016,2:30
vhfm841ctkf,28/3/2016,2:18
xrm554tj,28/3/2016,2:18
mrtw16hina,28/3/2016,2:18
jqbd1899wyy,28/3/2016,2:18
ex36hc,28/3/2016,2:18
qxsp2555mjj,28/3/2016,2:33
xx1320sx,28/3/2016,2:33
lr877rw,28/3/2016,2:33
dcrv43stp,28/3/2016,2:33
xkk09xk,28/3/2016,2:33
rbj610hw,28/3/2016,2:12
vhfm841ctkf,28/3/2016,2:12
rbx548dmq,28/3/2016,2:12
smb117qhg,28/3/2016,2:12
xrm554tj,28/3/2016,2:12
pxwq80iqpl,28/3/2016,21:34
fr01ape,28/3/2016,21:34
xkk09xk,28/3/2016,21:34
oy39bt,28/3/2016,21:34
hvdq3281nc,28/3/2016,21:34
qxsp2555mjj,28/3/2016,21:32
dcrv43stp,28/3/2016,21:32
meig27cgn,28/3/2016,21:32
smb117qhg,28/3/2016,21:32
lr877rw,28/3/2016,21:32
xrm554tj,28/3/2016,21:16
yhvk98wwo,28/3/2016,21:16
ui7308gbf,28/3/2016,21:16
rcs393bqo,28/3/2016,21:16
rbx548dmq,28/3/2016,21:16
sim99uy,28/3/2016,21:22
ulp3214ix,28/3/2016,21:22
vse9353eibs,28/3/2016,21:22
meig27cgn,28/3/2016,21:22
mrtw16hina,28/3/2016,21:22
ulp3214ix,28/3/2016,21:15
xkk09xk,28/3/2016,21:15
at0092vovw,28/3/2016,21:15
lg1546kkwr,28/3/2016,21:15
drjj039dt,28/3/2016,21:15
uuue70tplp,28/3/2016,22:57
argk67boie,28/3/2016,22:57
gi126bkb,28/3/2016,22:57
ulp3214ix,28/3/2016,22:57
lg1546kkwr,28/3/2016,22:57
hn719linu,28/3/2016,22:38
xi795wn,28/3/2016,22:38
ijb3648lsw,28/3/2016,22:38
jqbd1899wyy,28/3/2016,22:38
smb117qhg,28/3/2016,22:38
uuue70tplp,28/3/2016,22:58
vhfm841ctkf,28/3/2016,22:58
dcrv43stp,28/3/2016,22:58
vse9353eibs,28/3/2016,22:58
at0092vovw,28/3/2016,22:58
tb863ue,28/3/2016,22:34
smb117qhg,28/3/2016,22:34
at0092vovw,28/3/2016,22:34
wu13bnwg,28/3/2016,22:34
ogs6060flj,28/3/2016,22:34
sim99uy,28/3/2016,22:16
wu13bnwg,28/3/2016,22:16
argk67boie,28/3/2016,22:16
fhbm1548mlie,28/3/2016,22:16
mf42ftn,28/3/2016,22:16
fr01ape,8/4/2016,14:55
drjj039dt,8/4/2016,14:55
jk64wgcp,8/4/2016,14:55
me3583cxm,8/4/2016,14:55
sk672eaqo,8/4/2016,14:55
mrtw16hina,8/4/2016,14:47
argk67boie,8/4/2016,14:47
pxwq80iqpl,8/4/2016,14:47
ogs6060flj,8/4/2016,14:47
sk672eaqo,8/4/2016,14:47
gi126bkb,8/4/2016,14:56
pxwq80iqpl,8/4/2016,14:56
fhbm1548mlie,8/4/2016,14:56
pru7926roq,8/4/2016,14:56
ui7308gbf,8/4/2016,14:56
jqbd1899wyy,8/4/2016,14:58
argk67boie,8/4/2016,14:58
ulp3214ix,8/4/2016,14:58
lr877rw,8/4/2016,14:58
mrtw16hina,8/4/2016,14:58
xi795wn,8/4/2016,14:42
jqbd1899wyy,8/4/2016,14:42
lr877rw,8/4/2016,14:42
fhbm1548mlie,8/4/2016,14:42
vhfm841ctkf,8/4/2016,14:42
argk67boie,8/4/2016,0:26
ui7308gbf,8/4/2016,0:26
pxwq80iqpl,8/4/2016,0:26
ex36hc,8/4/2016,0:26
lg1546kkwr,8/4/2016,0:26
hn719linu,8/4/2016,0:42
oy39bt,8/4/2016,0:42
me3583cxm,8/4/2016,0:42
hvdq3281nc,8/4/2016,0:42
vhfm841ctkf,8/4/2016,0:42
me3583cxm,8/4/2016,0:30
rcs393bqo,8/4/2016,0:30
xi795wn,8/4/2016,0:30
vlbg30ylqr,8/4/2016,0:30
fr01ape,8/4/2016,0:30
ogs6060flj,8/4/2016,0:31
ir98ia,8/4/2016,0:31
xkk09xk,8/4/2016,0:31
sk672eaqo,8/4/2016,0:31
vse9353eibs,8/4/2016,0:31
lg1546kkwr,8/4/2016,0:27
sk672eaqo,8/4/2016,0:27
vhfm841ctkf,8/4/2016,0:27
mf42ftn,8/4/2016,0:27
jqbd1899wyy,8/4/2016,0:27
drjj039dt,8/4/2016,23:45
pxwq80iqpl,8/4/2016,23:45
xx1320sx,8/4/2016,23:45
mf42ftn,8/4/2016,23:45
oe22wm,8/4/2016,23:45
xqin370gxy,8/4/2016,23:7
ir98ia,8/4/2016,23:7
jxj97ey,8/4/2016,23:7
hmf824an,8/4/2016,23:7
me3583cxm,8/4/2016,23:7
lr877rw,8/4/2016,23:19
argk67boie,8/4/2016,23:19
ir98ia,8/4/2016,23:19
xi795wn,8/4/2016,23:19
tb863ue,8/4/2016,23:19
yhvk98wwo,8/4/2016,23:14
vlbg30ylqr,8/4/2016,23:14
meig27cgn,8/4/2016,23:14
xx1320sx,8/4/2016,23:14
oy39bt,8/4/2016,23:14
vhfm841ctkf,8/4/2016,23:49
sim99uy,8/4/2016,23:49
ulp3214ix,8/4/2016,23:49
lg1546kkwr,8/4/2016,23:49
uuue70tplp,8/4/2016,23:49
sim99uy,8/4/2016,16:45
meig27cgn,8/4/2016,16:45
ui7308gbf,8/4/2016,16:45
xkk09xk,8/4/2016,16:45
hmf824an,8/4/2016,16:45
mrtw16hina,8/4/2016,16:18
at0092vovw,8/4/2016,16:18
jqbd1899wyy,8/4/2016,16:18
vlbg30ylqr,8/4/2016,16:18
oy39bt,8/4/2016,16:18
jxj97ey,8/4/2016,16:43
ogs6060flj,8/4/2016,16:43
meig27cgn,8/4/2016,16:43
hmf824an,8/4/2016,16:43
ulp3214ix,8/4/2016,16:43
rbx548dmq,8/4/2016,16:21
hmf824an,8/4/2016,16:21
lg1546kkwr,8/4/2016,16:21
fa479tj,8/4/2016,16:21
fhbm1548mlie,8/4/2016,16:21
ulp3214ix,8/4/2016,16:30
xqin370gxy,8/4/2016,16:30
lg1546kkwr,8/4/2016,16:30
jk64wgcp,8/4/2016,16:30
rbx548dmq,8/4/2016,16:30
wu13bnwg,8/4/2016,12:30
sim99uy,8/4/2016,12:30
fhbm1548mlie,8/4/2016,12:30
oy39bt,8/4/2016,12:30
hmf824an,8/4/2016,12:30
mrtw16hina,8/4/2016,12:13
xrm554tj,8/4/2016,12:13
rbj610hw,8/4/2016,12:13
hmf824an,8/4/2016,12:13
lg1546kkwr,8/4/2016,12:13
yhvk98wwo,8/4/2016,12:49
jxj97ey,8/4/2016,12:49
wu13bnwg,8/4/2016,12:49
hn719linu,8/4/2016,12:49
ulp3214ix,8/4/2016,12:49
pru7926roq,8/4/2016,12:22
rcs393bqo,8/4/2016,12:22
argk67boie,8/4/2016,12:22
tb863ue,8/4/2016,12:22
ir98ia,8/4/2016,12:22
tb863ue,8/4/2016,12:0
smb117qhg,8/4/2016,12:0
drjj039dt,8/4/2016,12:0
xrm554tj,8/4/2016,12:0
fa479tj,8/4/2016,12:0
me3583cxm,24/4/2016,11:46
ir98ia,24/4/2016,11:46
hmf824an,24/4/2016,11:46
vlbg30ylqr,24/4/2016,11:46
at0092vovw,24/4/2016,11:46
pru7926roq,24/4/2016,11:10
xx1320sx,24/4/2016,11:10
mf42ftn,24/4/2016,11:10
ulp3214ix,24/4/2016,11:10
wu13bnwg,24/4/2016,11:10
vhfm841ctkf,24/4/2016,11:12
dcrv43stp,24/4/2016,11:12
drjj039dt,24/4/2016,11:12
lg1546kkwr,24/4/2016,11:12
gi126bkb,24/4/2016,11:12
sim99uy,24/4/2016,11:22
jxj97ey,24/4/2016,11:22
hmf824an,24/4/2016,11:22
at0092vovw,24/4/2016,11:22
ex36hc,24/4/2016,11:22
tb863ue,24/4/2016,11:23
me3583cxm,24/4/2016,11:23
qxsp2555mjj,24/4/2016,11:23
rbx548dmq,24/4/2016,11:23
fhbm1548mlie,24/4/2016,11:23
ulp3214ix,24/4/2016,19:21
jxj97ey,24/4/2016,19:21
vhfm841ctkf,24/4/2016,19:21
lg1546kkwr,24/4/2016,19:21
oe22wm,24/4/2016,19:21
wu13bnwg,24/4/2016,19:55
at0092vovw,24/4/2016,19:55
lr877rw,24/4/2016,19:55
vse9353eibs,24/4/2016,19:55
xrm554tj,24/4/2016,19:55
vhfm841ctkf,24/4/2016,19:2
mf42ftn,24/4/2016,19:2
hn719linu,24/4/2016,19:2
hmf824an,24/4/2016,19:2
ogs6060flj,24/4/2016,19:2
oy39bt,24/4/2016,19:43
ogs6060flj,24/4/2016,19:43
xkk09xk,24/4/2016,19:43
jqbd1899wyy,24/4/2016,19:43
fhbm1548mlie,24/4/2016,19:43
sk672eaqo,24/4/2016,19:9
xrm554tj,24/4/2016,19:9
vse9353eibs,24/4/2016,19:9
ulp3214ix,24/4/2016,19:9
pru7926roq,24/4/2016,19:9
sk672eaqo,24/4/2016,10:26
sim99uy,24/4/2016,10:26
me3583cxm,24/4/2016,10:26
meig27cgn,24/4/2016,10:26
at0092vovw,24/4/2016,10:26
ogs6060flj,24/4/2016,10:43
drjj039dt,24/4/2016,10:43
rcs393bqo,24/4/2016,10:43
sim99uy,24/4/2016,10:43
meig27cgn,24/4/2016,10:43
uuue70tplp,24/4/2016,10:36
ir98ia,24/4/2016,10:36
rcs393bqo,24/4/2016,10:36
hmf824an,24/4/2016,10:36
drjj039dt,24/4/2016,10:36
hn719linu,24/4/2016,10:7
yhvk98wwo,24/4/2016,10:7
ijb3648lsw,24/4/2016,10:7
vhfm841ctkf,24/4/2016,10:7
pru7926roq,24/4/2016,10:7
oe22wm,24/4/2016,10:46
jqbd1899wyy,24/4/2016,10:46
drjj039dt,24/4/2016,10:46
qxsp2555mjj,24/4/2016,10:46
ulp3214ix,24/4/2016,10:46
vlbg30ylqr,24/4/2016,13:10
jk64wgcp,24/4/2016,13:10
uuue70tplp,24/4/2016,13:10
jqbd1899wyy,24/4/2016,13:10
argk67boie,24/4/2016,13:10
ex36hc,24/4/2016,13:5
mrtw16hina,24/4/2016,13:5
rbx548dmq,24/4/2016,13:5
ijb3648lsw,24/4/2016,13:5
tb863ue,24/4/2016,13:5
me3583cxm,24/4/2016,13:40
hvdq3281nc,24/4/2016,13:40
ulp3214ix,24/4/2016,13:40
fhbm1548mlie,24/4/2016,13:40
ex36hc,24/4/2016,13:40
hvdq3281nc,24/4/2016,13:43
vse9353eibs,24/4/2016,13:43
argk67boie,24/4/2016,13:43
ulp3214ix,24/4/2016,13:43
fr01ape,24/4/2016,13:43
tb863ue,24/4/2016,13:27
meig27cgn,24/4/2016,13:27
xkk09xk,24/4/2016,13:27
oe22wm,24/4/2016,13:27
yhvk98wwo,24/4/2016,13:27
rbx548dmq,24/4/2016,21:29
uuue70tplp,24/4/2016,21:29
xi795wn,24/4/2016,21:29
drjj039dt,24/4/2016,21:29
lr877rw,24/4/2016,21:29
pru7926roq,24/4/2016,21:22
at0092vovw,24/4/2016,21:22
jxj97ey,24/4/2016,21:22
pxwq80iqpl,24/4/2016,21:22
lr877rw,24/4/2016,21:22
tb863ue,24/4/2016,21:58
xrm554tj,24/4/2016,21:58
rcs393bqo,24/4/2016,21:58
jk64wgcp,24/4/2016,21:58
rbx548dmq,24/4/2016,21:58
oy39bt,24/4/2016,21:12
hmf824an,24/4/2016,21:12
vse9353eibs,24/4/2016,21:12
dcrv43stp,24/4/2016,21:12
xi795wn,24/4/2016,21:12
pxwq80iqpl,24/4/2016,21:52
wu13bnwg,24/4/2016,21:52
ui7308gbf,24/4/2016,21:52
xi795wn,24/4/2016,21:52
vse9353eibs,24/4/2016,21:52
at0092vovw,18/4/2016,23:51
vlbg30ylqr,18/4/2016,23:51
ulp3214ix,18/4/2016,23:51
dcrv43stp,18/4/2016,23:51
lr877rw,18/4/2016,23:51
jk64wgcp,18/4/2016,23:17
argk67boie,18/4/2016,23:17
pru7926roq,18/4/2016,23:17
ir98ia,18/4/2016,23:17
lr877rw,18/4/2016,23:17
meig27cgn,18/4/2016,23:21
sim99uy,18/4/2016,23:21
smb117qhg,18/4/2016,23:21
hmf824an,18/4/2016,23:21
ex36hc,18/4/2016,23:21
mrtw16hina,18/4/2016,23:3
oy39bt,18/4/2016,23:3
xx1320sx,18/4/2016,23:3
mf42ftn,18/4/2016,23:3
ir98ia,18/4/2016,23:3
rcs393bqo,18/4/2016,23:55
vlbg30ylqr,18/4/2016,23:55
fhbm1548mlie,18/4/2016,23:55
hn719linu,18/4/2016,23:55
hmf824an,18/4/2016,23:55
jxj97ey,18/4/2016,11:23
fa479tj,18/4/2016,11:23
mrtw16hina,18/4/2016,11:23
ex36hc,18/4/2016,11:23
lg1546kkwr,18/4/2016,11:23
lr877rw,18/4/2016,11:6
vlbg30ylqr,18/4/2016,11:6
vhfm841ctkf,18/4/2016,11:6
ui7308gbf,18/4/2016,11:6
ir98ia,18/4/2016,11:6
ulp3214ix,18/4/2016,11:27
xx1320sx,18/4/2016,11:27
hvdq3281nc,18/4/2016,11:27
ex36hc,18/4/2016,11:27
rbj610hw,18/4/2016,11:27
hn719linu,18/4/2016,11:26
mf42ftn,18/4/2016,11:26
smb117qhg,18/4/2016,11:26
oe22wm,18/4/2016,11:26
ex36hc,18/4/2016,11:26
vhfm841ctkf,18/4/2016,11:55
meig27cgn,18/4/2016,11:55
tb863ue,18/4/2016,11:55
fhbm1548mlie,18/4/2016,11:55
ir98ia,18/4/2016,11:55
mrtw16hina,18/4/2016,22:9
meig27cgn,18/4/2016,22:9
xx1320sx,18/4/2016,22:9
jxj97ey,18/4/2016,22:9
oy39bt,18/4/2016,22:9
fhbm1548mlie,18/4/2016,22:11
oe22wm,18/4/2016,22:11
ogs6060flj,18/4/2016,22:11
tb863ue,18/4/2016,22:11
lr877rw,18/4/2016,22:11
lr877rw,18/4/2016,22:34
dcrv43stp,18/4/2016,22:34
drjj039dt,18/4/2016,22:34
tb863ue,18/4/2016,22:34
xi795wn,18/4/2016,22:34
ir98ia,18/4/2016,22:29
jk64wgcp,18/4/2016,22:29
tb863ue,18/4/2016,22:29
xrm554tj,18/4/2016,22:29
jxj97ey,18/4/2016,22:29
at0092vovw,18/4/2016,22:25
jqbd1899wyy,18/4/2016,22:25
hvdq3281nc,18/4/2016,22:25
xi795wn,18/4/2016,22:25
fhbm1548mlie,18/4/2016,22:25
xqin370gxy,18/4/2016,15:18
ogs6060flj,18/4/2016,15:18
fa479tj,18/4/2016,15:18
fr01ape,18/4/2016,15:18
vhfm841ctkf,18/4/2016,15:18
lr877rw,18/4/2016,15:47
ogs6060flj,18/4/2016,15:47
hn719linu,18/4/2016,15:47
rcs393bqo,18/4/2016,15:47
oy39bt,18/4/2016,15:47
lr877rw,18/4/2016,15:20
dcrv43stp,18/4/2016,15:20
xrm554tj,18/4/2016,15:20
oy39bt,18/4/2016,15:20
sim99uy,18/4/2016,15:20
xi795wn,18/4/2016,15:19
jxj97ey,18/4/2016,15:19
hn719linu,18/4/2016,15:19
at0092vovw,18/4/2016,15:19
fa479tj,18/4/2016,15:19
tb863ue,18/4/2016,15:23
hmf824an,18/4/2016,15:23
me3583cxm,18/4/2016,15:23
rbj610hw,18/4/2016,15:23
ui7308gbf,18/4/2016,15:23
dcrv43stp,18/4/2016,12:11
xx1320sx,18/4/2016,12:11
sk672eaqo,18/4/2016,12:11
rcs393bqo,18/4/2016,12:11
xi795wn,18/4/2016,12:11
ogs6060flj,18/4/2016,12:19
sim99uy,18/4/2016,12:19
xqin370gxy,18/4/2016,12:19
wu13bnwg,18/4/2016,12:19
lg1546kkwr,18/4/2016,12:19
hn719linu,18/4/2016,12:3
lr877rw,18/4/2016,12:3
vlbg30ylqr,18/4/2016,12:3
jxj97ey,18/4/2016,12:3
tb863ue,18/4/2016,12:3
pru7926roq,18/4/2016,12:48
sk672eaqo,18/4/2016,12:48
vhfm841ctkf,18/4/2016,12:48
fa479tj,18/4/2016,12:48
oy39bt,18/4/2016,12:48
yhvk98wwo,18/4/2016,12:24
uuue70tplp,18/4/2016,12:24
hn719linu,18/4/2016,12:24
tb863ue,18/4/2016,12:24
ijb3648lsw,18/4/2016,12:24
fr01ape,22/4/2016,21:8
yhvk98wwo,22/4/2016,21:8
xx1320sx,22/4/2016,21:8
tb863ue,22/4/2016,21:8
qxsp2555mjj,22/4/2016,21:8
dcrv43stp,22/4/2016,21:20
ulp3214ix,22/4/2016,21:20
lr877rw,22/4/2016,21:20
mrtw16hina,22/4/2016,21:20
pru7926roq,22/4/2016,21:20
vlbg30ylqr,22/4/2016,21:11
vhfm841ctkf,22/4/2016,21:11
pru7926roq,22/4/2016,21:11
uuue70tplp,22/4/2016,21:11
rbx548dmq,22/4/2016,21:11
ex36hc,22/4/2016,21:2
sim99uy,22/4/2016,21:2
xi795wn,22/4/2016,21:2
xrm554tj,22/4/2016,21:2
ogs6060flj,22/4/2016,21:2
jxj97ey,22/4/2016,21:58
at0092vovw,22/4/2016,21:58
mf42ftn,22/4/2016,21:58
meig27cgn,22/4/2016,21:58
fa479tj,22/4/2016,21:58
fr01ape,22/4/2016,23:8
vhfm841ctkf,22/4/2016,23:8
dcrv43stp,22/4/2016,23:8
oy39bt,22/4/2016,23:8
ijb3648lsw,22/4/2016,23:8
ui7308gbf,22/4/2016,23:58
vse9353eibs,22/4/2016,23:58
meig27cgn,22/4/2016,23:58
vhfm841ctkf,22/4/2016,23:58
fa479tj,22/4/2016,23:58
smb117qhg,22/4/2016,23:21
hn719linu,22/4/2016,23:21
ogs6060flj,22/4/2016,23:21
meig27cgn,22/4/2016,23:21
ulp3214ix,22/4/2016,23:21
hn719linu,22/4/2016,23:38
yhvk98wwo,22/4/2016,23:38
jqbd1899wyy,22/4/2016,23:38
mrtw16hina,22/4/2016,23:38
xqin370gxy,22/4/2016,23:38
pru7926roq,22/4/2016,23:6
meig27cgn,22/4/2016,23:6
lr877rw,22/4/2016,23:6
mrtw16hina,22/4/2016,23:6
vhfm841ctkf,22/4/2016,23:6
hmf824an,22/4/2016,7:22
tb863ue,22/4/2016,7:22
argk67boie,22/4/2016,7:22
sim99uy,22/4/2016,7:22
jxj97ey,22/4/2016,7:22
rcs393bqo,22/4/2016,7:30
wu13bnwg,22/4/2016,7:30
at0092vovw,22/4/2016,7:30
mf42ftn,22/4/2016,7:30
xrm554tj,22/4/2016,7:30
fa479tj,22/4/2016,7:16
sk672eaqo,22/4/2016,7:16
pxwq80iqpl,22/4/2016,7:16
yhvk98wwo,22/4/2016,7:16
fhbm1548mlie,22/4/2016,7:16
xkk09xk,22/4/2016,7:21
dcrv43stp,22/4/2016,7:21
gi126bkb,22/4/2016,7:21
sk672eaqo,22/4/2016,7:21
fhbm1548mlie,22/4/2016,7:21
me3583cxm,22/4/2016,7:14
ir98ia,22/4/2016,7:14
yhvk98wwo,22/4/2016,7:14
rbj610hw,22/4/2016,7:14
drjj039dt,22/4/2016,7:14
qxsp2555mjj,22/4/2016,0:24
drjj039dt,22/4/2016,0:24
xx1320sx,22/4/2016,0:24
xkk09xk,22/4/2016,0:24
jk64wgcp,22/4/2016,0:24
smb117qhg,22/4/2016,0:13
hn719linu,22/4/2016,0:13
jxj97ey,22/4/2016,0:13
xi795wn,22/4/2016,0:13
ex36hc,22/4/2016,0:13
mf42ftn,22/4/2016,0:15
xx1320sx,22/4/2016,0:15
yhvk98wwo,22/4/2016,0:15
lr877rw,22/4/2016,0:15
ulp3214ix,22/4/2016,0:15
xi795wn,22/4/2016,0:49
argk67boie,22/4/2016,0:49
jk64wgcp,22/4/2016,0:49
sk672eaqo,22/4/2016,0:49
xx1320sx,22/4/2016,0:49
me3583cxm,22/4/2016,0:12
lg1546kkwr,22/4/2016,0:12
ui7308gbf,22/4/2016,0:12
oy39bt,22/4/2016,0:12
ex36hc,22/4/2016,0:12
at0092vovw,22/4/2016,19:13
smb117qhg,22/4/2016,19:13
vlbg30ylqr,22/4/2016,19:13
ogs6060flj,22/4/2016,19:13
sim99uy,22/4/2016,19:13
vhfm841ctkf,22/4/2016,19:52
me3583cxm,22/4/2016,19:52
hmf824an,22/4/2016,19:52
qxsp2555mjj,22/4/2016,19:52
ui7308gbf,22/4/2016,19:52
vhfm841ctkf,22/4/2016,19:40
hvdq3281nc,22/4/2016,19:40
rbj610hw,22/4/2016,19:40
vlbg30ylqr,22/4/2016,19:40
yhvk98wwo,22/4/2016,19:40
uuue70tplp,22/4/2016,19:15
fa479tj,22/4/2016,19:15
hvdq3281nc,22/4/2016,19:15
rbx548dmq,22/4/2016,19:15
pxwq80iqpl,22/4/2016,19:15
mf42ftn,22/4/2016,19:36
uuue70tplp,22/4/2016,19:36
lg1546kkwr,22/4/2016,19:36
jxj97ey,22/4/2016,19:36
pru7926roq,22/4/2016,19:36
oe22wm,10/4/2016,8:52
jxj97ey,10/4/2016,8:52
hmf824an,10/4/2016,8:52
sim99uy,10/4/2016,8:52
fhbm1548mlie,10/4/2016,8:52
fa479tj,10/4/2016,8:5
at0092vovw,10/4/2016,8:5
lr877rw,10/4/2016,8:5
pru7926roq,10/4/2016,8:5
jk64wgcp,10/4/2016,8:5
vhfm841ctkf,10/4/2016,8:21
ogs6060flj,10/4/2016,8:21
ui7308gbf,10/4/2016,8:21
hn719linu,10/4/2016,8:21
dcrv43stp,10/4/2016,8:21
fr01ape,10/4/2016,8:28
vlbg30ylqr,10/4/2016,8:28
dcrv43stp,10/4/2016,8:28
ex36hc,10/4/2016,8:28
tb863ue,10/4/2016,8:28
rbx548dmq,10/4/2016,8:11
fr01ape,10/4/2016,8:11
xqin370gxy,10/4/2016,8:11
yhvk98wwo,10/4/2016,8:11
pxwq80iqpl,10/4/2016,8:11
pxwq80iqpl,10/4/2016,10:16
ui7308gbf,10/4/2016,10:16
jk64wgcp,10/4/2016,10:16
xrm554tj,10/4/2016,10:16
fr01ape,10/4/2016,10:16
smb117qhg,10/4/2016,10:11
hmf824an,10/4/2016,10:11
xrm554tj,10/4/2016,10:11
pru7926roq,10/4/2016,10:11
vse9353eibs,10/4/2016,10:11
lg1546kkwr,10/4/2016,10:10
xrm554tj,10/4/2016,10:10
yhvk98wwo,10/4/2016,10:10
xx1320sx,10/4/2016,10:10
rbx548dmq,10/4/2016,10:10
jk64wgcp,10/4/2016,10:41
ijb3648lsw,10/4/2016,10:41
rbj610hw,10/4/2016,10:41
oy39bt,10/4/2016,10:41
ui7308gbf,10/4/2016,10:41
vse9353eibs,10/4/2016,10:28
wu13bnwg,10/4/2016,10:28
smb117qhg,10/4/2016,10:28
qxsp2555mjj,10/4/2016,10:28
xkk09xk,10/4/2016,10:28
ir98ia,10/4/2016,14:33
hn719linu,10/4/2016,14:33
ui7308gbf,10/4/2016,14:33
lg1546kkwr,10/4/2016,14:33
yhvk98wwo,10/4/2016,14:33
oe22wm,10/4/2016,14:1
ui7308gbf,10/4/2016,14:1
smb117qhg,10/4/2016,14:1
hn719linu,10/4/2016,14:1
oy39bt,10/4/2016,14:1
me3583cxm,10/4/2016,14:2
xrm554tj,10/4/2016,14:2
rbj610hw,10/4/2016,14:2
fhbm1548mlie,10/4/2016,14:2
ulp3214ix,10/4/2016,14:2
xx1320sx,10/4/2016,14:10
hmf824an,10/4/2016,14:10
at0092vovw,10/4/2016,14:10
ulp3214ix,10/4/2016,14:10
argk67boie,10/4/2016,14:10
oe22wm,10/4/2016,14:44
hvdq3281nc,10/4/2016,14:44
lg1546kkwr,10/4/2016,14:44
drjj039dt,10/4/2016,14:44
ijb3648lsw,10/4/2016,14:44
at0092vovw,10/4/2016,4:43
tb863ue,10/4/2016,4:43
fhbm1548mlie,10/4/2016,4:43
xi795wn,10/4/2016,4:43
me3583cxm,10/4/2016,4:43
mrtw16hina,10/4/2016,4:5
sim99uy,10/4/2016,4:5
vse9353eibs,10/4/2016,4:5
lr877rw,10/4/2016,4:5
xqin370gxy,10/4/2016,4:5
xqin370gxy,10/4/2016,4:25
tb863ue,10/4/2016,4:25
smb117qhg,10/4/2016,4:25
jxj97ey,10/4/2016,4:25
pru7926roq,10/4/2016,4:25
rcs393bqo,10/4/2016,4:59
qxsp2555mjj,10/4/2016,4:59
pxwq80iqpl,10/4/2016,4:59
ijb3648lsw,10/4/2016,4:59
jqbd1899wyy,10/4/2016,4:59
meig27cgn,10/4/2016,4:46
vse9353eibs,10/4/2016,4:46
xx1320sx,10/4/2016,4:46
at0092vovw,10/4/2016,4:46
rcs393bqo,10/4/2016,4:46
xkk09xk,10/4/2016,9:6
jk64wgcp,10/4/2016,9:6
vse9353eibs,10/4/2016,9:6
ijb3648lsw,10/4/2016,9:6
uuue70tplp,10/4/2016,9:6
mrtw16hina,10/4/2016,9:20
uuue70tplp,10/4/2016,9:20
jxj97ey,10/4/2016,9:20
vse9353eibs,10/4/2016,9:20
dcrv43stp,10/4/2016,9:20
jk64wgcp,10/4/2016,9:52
dcrv43stp,10/4/2016,9:52
rbx548dmq,10/4/2016,9:52
fa479tj,10/4/2016,9:52
oe22wm,10/4/2016,9:52
xqin370gxy,10/4/2016,9:1
dcrv43stp,10/4/2016,9:1
lg1546kkwr,10/4/2016,9:1
argk67boie,10/4/2016,9:1
wu13bnwg,10/4/2016,9:1
ui7308gbf,10/4/2016,9:17
gi126bkb,10/4/2016,9:17
pxwq80iqpl,10/4/2016,9:17
jxj97ey,10/4/2016,9:17
ex36hc,10/4/2016,9:17
xrm554tj,9/5/2016,15:13
fr01ape,9/5/2016,15:13
meig27cgn,9/5/2016,15:13
yhvk98wwo,9/5/2016,15:13
ogs6060flj,9/5/2016,15:13
argk67boie,9/5/2016,15:15
xkk09xk,9/5/2016,15:15
mf42ftn,9/5/2016,15:15
uuue70tplp,9/5/2016,15:15
gi126bkb,9/5/2016,15:15
dcrv43stp,9/5/2016,15:35
xkk09xk,9/5/2016,15:35
wu13bnwg,9/5/2016,15:35
pxwq80iqpl,9/5/2016,15:35
lg1546kkwr,9/5/2016,15:35
ex36hc,9/5/2016,15:31
jk64wgcp,9/5/2016,15:31
sim99uy,9/5/2016,15:31
uuue70tplp,9/5/2016,15:31
mrtw16hina,9/5/2016,15:31
hn719linu,9/5/2016,15:53
xqin370gxy,9/5/2016,15:53
ulp3214ix,9/5/2016,15:53
xrm554tj,9/5/2016,15:53
rcs393bqo,9/5/2016,15:53
gi126bkb,9/5/2016,21:49
yhvk98wwo,9/5/2016,21:49
me3583cxm,9/5/2016,21:49
vse9353eibs,9/5/2016,21:49
mrtw16hina,9/5/2016,21:49
argk67boie,9/5/2016,21:0
rbx548dmq,9/5/2016,21:0
ulp3214ix,9/5/2016,21:0
lg1546kkwr,9/5/2016,21:0
pru7926roq,9/5/2016,21:0
sk672eaqo,9/5/2016,21:26
yhvk98wwo,9/5/2016,21:26
jqbd1899wyy,9/5/2016,21:26
xkk09xk,9/5/2016,21:26
fr01ape,9/5/2016,21:26
yhvk98wwo,9/5/2016,21:6
rcs393bqo,9/5/2016,21:6
argk67boie,9/5/2016,21:6
jqbd1899wyy,9/5/2016,21:6
xqin370gxy,9/5/2016,21:6
tb863ue,9/5/2016,21:4
meig27cgn,9/5/2016,21:4
vse9353eibs,9/5/2016,21:4
xi795wn,9/5/2016,21:4
ex36hc,9/5/2016,21:4
rbx548dmq,9/5/2016,2:52
pxwq80iqpl,9/5/2016,2:52
jqbd1899wyy,9/5/2016,2:52
lg1546kkwr,9/5/2016,2:52
me3583cxm,9/5/2016,2:52
rbj610hw,9/5/2016,2:14
meig27cgn,9/5/2016,2:14
vlbg30ylqr,9/5/2016,2:14
ulp3214ix,9/5/2016,2:14
jqbd1899wyy,9/5/2016,2:14
hvdq3281nc,9/5/2016,2:9
xkk09xk,9/5/2016,2:9
uuue70tplp,9/5/2016,2:9
ogs6060flj,9/5/2016,2:9
oe22wm,9/5/2016,2:9
pru7926roq,9/5/2016,2:31
vse9353eibs,9/5/2016,2:31
oy39bt,9/5/2016,2:31
fr01ape,9/5/2016,2:31
xkk09xk,9/5/2016,2:31
drjj039dt,9/5/2016,2:23
xx1320sx,9/5/2016,2:23
oe22wm,9/5/2016,2:23
tb863ue,9/5/2016,2:23
oy39bt,9/5/2016,2:23
vlbg30ylqr,9/5/2016,20:5
rcs393bqo,9/5/2016,20:5
fhbm1548mlie,9/5/2016,20:5
xi795wn,9/5/2016,20:5
fr01ape,9/5/2016,20:5
jk64wgcp,9/5/2016,20:53
fa479tj,9/5/2016,20:53
sk672eaqo,9/5/2016,20:53
ogs6060flj,9/5/2016,20:53
xrm554tj,9/5/2016,20:53
yhvk98wwo,9/5/2016,20:47
vhfm841ctkf,9/5/2016,20:47
mrtw16hina,9/5/2016,20:47
ulp3214ix,9/5/2016,20:47
xqin370gxy,9/5/2016,20:47
jqbd1899wyy,9/5/2016,20:24
at0092vovw,9/5/2016,20:24
oe22wm,9/5/2016,20:24
sk672eaqo,9/5/2016,20:24
fhbm1548mlie,9/5/2016,20:24
oe22wm,9/5/2016,20:54
fhbm1548mlie,9/5/2016,20:54
qxsp2555mjj,9/5/2016,20:54
fa479tj,9/5/2016,20:54
ogs6060flj,9/5/2016,20:54
vhfm841ctkf,9/5/2016,10:33
yhvk98wwo,9/5/2016,10:33
dcrv43stp,9/5/2016,10:33
vse9353eibs,9/5/2016,10:33
fr01ape,9/5/2016,10:33
ui7308gbf,9/5/2016,10:16
hmf824an,9/5/2016,10:16
dcrv43stp,9/5/2016,10:16
ogs6060flj,9/5/2016,10:16
jqbd1899wyy,9/5/2016,10:16
ir98ia,9/5/2016,10:56
vlbg30ylqr,9/5/2016,10:56
tb863ue,9/5/2016,10:56
ogs6060flj,9/5/2016,10:56
meig27cgn,9/5/2016,10:56
fa479tj,9/5/2016,10:7
drjj039dt,9/5/2016,10:7
mf42ftn,9/5/2016,10:7
at0092vovw,9/5/2016,10:7
rcs393bqo,9/5/2016,10:7
jxj97ey,9/5/2016,10:39
hmf824an,9/5/2016,10:39
jqbd1899wyy,9/5/2016,10:39
mrtw16hina,9/5/2016,10:39
xi795wn,9/5/2016,10:39
wu13bnwg,18/5/2016,2:36
jxj97ey,18/5/2016,2:36
uuue70tplp,18/5/2016,2:36
ir98ia,18/5/2016,2:36
argk67boie,18/5/2016,2:36
ijb3648lsw,18/5/2016,2:45
jxj97ey,18/5/2016,2:45
ir98ia,18/5/2016,2:45
ui7308gbf,18/5/2016,2:45
vlbg30ylqr,18/5/2016,2:45
sim99uy,18/5/2016,2:32
wu13bnwg,18/5/2016,2:32
qxsp2555mjj,18/5/2016,2:32
oe22wm,18/5/2016,2:32
meig27cgn,18/5/2016,2:32
ulp3214ix,18/5/2016,2:21
sk672eaqo,18/5/2016,2:21
yhvk98wwo,18/5/2016,2:21
fr01ape,18/5/2016,2:21
argk67boie,18/5/2016,2:21
xkk09xk,18/5/2016,2:18
xx1320sx,18/5/2016,2:18
tb863ue,18/5/2016,2:18
xi795wn,18/5/2016,2:18
jk64wgcp,18/5/2016,2:18
sk672eaqo,18/5/2016,1:55
jxj97ey,18/5/2016,1:55
gi126bkb,18/5/2016,1:55
vhfm841ctkf,18/5/2016,1:55
ui7308gbf,18/5/2016,1:55
lr877rw,18/5/2016,1:10
wu13bnwg,18/5/2016,1:10
gi126bkb,18/5/2016,1:10
pru7926roq,18/5/2016,1:10
drjj039dt,18/5/2016,1:10
xqin370gxy,18/5/2016,1:32
uuue70tplp,18/5/2016,1:32
xi795wn,18/5/2016,1:32
vhfm841ctkf,18/5/2016,1:32
hvdq3281nc,18/5/2016,1:32
mf42ftn,18/5/2016,1:0
me3583cxm,18/5/2016,1:0
qxsp2555mjj,18/5/2016,1:0
sk672eaqo,18/5/2016,1:0
pxwq80iqpl,18/5/2016,1:0
gi126bkb,18/5/2016,1:28
xkk09xk,18/5/2016,1:28
ex36hc,18/5/2016,1:28
hmf824an,18/5/2016,1:28
jk64wgcp,18/5/2016,1:28
fr01ape,18/5/2016,11:50
fhbm1548mlie,18/5/2016,11:50
xqin370gxy,18/5/2016,11:50
oy39bt,18/5/2016,11:50
oe22wm,18/5/2016,11:50
mrtw16hina,18/5/2016,11:6
ex36hc,18/5/2016,11:6
mf42ftn,18/5/2016,11:6
vhfm841ctkf,18/5/2016,11:6
jxj97ey,18/5/2016,11:6
meig27cgn,18/5/2016,11:51
fa479tj,18/5/2016,11:51
mf42ftn,18/5/2016,11:51
vlbg30ylqr,18/5/2016,11:51
jk64wgcp,18/5/2016,11:51
me3583cxm,18/5/2016,11:49
rbx548dmq,18/5/2016,11:49
xqin370gxy,18/5/2016,11:49
fhbm1548mlie,18/5/2016,11:49
pxwq80iqpl,18/5/2016,11:49
ir98ia,18/5/2016,11:14
oe22wm,18/5/2016,11:14
lg1546kkwr,18/5/2016,11:14
dcrv43stp,18/5/2016,11:14
tb863ue,18/5/2016,11:14
sk672eaqo,18/5/2016,18:46
lr877rw,18/5/2016,18:46
ex36hc,18/5/2016,18:46
sim99uy,18/5/2016,18:46
argk67boie,18/5/2016,18:46
ogs6060flj,18/5/2016,18:14
oe22wm,18/5/2016,18:14
argk67boie,18/5/2016,18:14
ui7308gbf,18/5/2016,18:14
qxsp2555mjj,18/5/2016,18:14
gi126bkb,18/5/2016,18:25
ui7308gbf,18/5/2016,18:25
xi795wn,18/5/2016,18:25
fa479tj,18/5/2016,18:25
lr877rw,18/5/2016,18:25
jk64wgcp,18/5/2016,18:7
oy39bt,18/5/2016,18:7
gi126bkb,18/5/2016,18:7
ogs6060flj,18/5/2016,18:7
ulp3214ix,18/5/2016,18:7
smb117qhg,18/5/2016,18:45
ex36hc,18/5/2016,18:45
rbx548dmq,18/5/2016,18:45
xkk09xk,18/5/2016,18:45
pru7926roq,18/5/2016,18:45
dcrv43stp,18/5/2016,14:28
yhvk98wwo,18/5/2016,14:28
xx1320sx,18/5/2016,14:28
tb863ue,18/5/2016,14:28
smb117qhg,18/5/2016,14:28
argk67boie,18/5/2016,14:23
wu13bnwg,18/5/2016,14:23
rcs393bqo,18/5/2016,14:23
vse9353eibs,18/5/2016,14:23
xrm554tj,18/5/2016,14:23
oe22wm,18/5/2016,14:29
dcrv43stp,18/5/2016,14:29
ex36hc,18/5/2016,14:29
lr877rw,18/5/2016,14:29
xqin370gxy,18/5/2016,14:29
ogs6060flj,18/5/2016,14:0
ijb3648lsw,18/5/2016,14:0
rbj610hw,18/5/2016,14:0
rcs393bqo,18/5/2016,14:0
ui7308gbf,18/5/2016,14:0
xqin370gxy,18/5/2016,14:6
tb863ue,18/5/2016,14:6
sim99uy,18/5/2016,14:6
uuue70tplp,18/5/2016,14:6
vlbg30ylqr,18/5/2016,14:6
jk64wgcp,2/5/2016,16:44
mrtw16hina,2/5/2016,16:44
rbj610hw,2/5/2016,16:44
hn719linu,2/5/2016,16:44
ui7308gbf,2/5/2016,16:44
oe22wm,2/5/2016,16:17
pru7926roq,2/5/2016,16:17
oy39bt,2/5/2016,16:17
me3583cxm,2/5/2016,16:17
xqin370gxy,2/5/2016,16:17
fhbm1548mlie,2/5/2016,16:22
mrtw16hina,2/5/2016,16:22
ex36hc,2/5/2016,16:22
vse9353eibs,2/5/2016,16:22
vlbg30ylqr,2/5/2016,16:22
at0092vovw,2/5/2016,16:27
ex36hc,2/5/2016,16:27
mf42ftn,2/5/2016,16:27
qxsp2555mjj,2/5/2016,16:27
vlbg30ylqr,2/5/2016,16:27
yhvk98wwo,2/5/2016,16:38
xi795wn,2/5/2016,16:38
jxj97ey,2/5/2016,16:38
ijb3648lsw,2/5/2016,16:38
vhfm841ctkf,2/5/2016,16:38
ex36hc,2/5/2016,18:10
ui7308gbf,2/5/2016,18:10
rbx548dmq,2/5/2016,18:10
yhvk98wwo,2/5/2016,18:10
mf42ftn,2/5/2016,18:10
fa479tj,2/5/2016,18:13
oe22wm,2/5/2016,18:13
tb863ue,2/5/2016,18:13
jxj97ey,2/5/2016,18:13
smb117qhg,2/5/2016,18:13
wu13bnwg,2/5/2016,18:11
at0092vovw,2/5/2016,18:11
vlbg30ylqr,2/5/2016,18:11
me3583cxm,2/5/2016,18:11
argk67boie,2/5/2016,18:11
ulp3214ix,2/5/2016,18:20
me3583cxm,2/5/2016,18:20
at0092vovw,2/5/2016,18:20
hn719linu,2/5/2016,18:20
ui7308gbf,2/5/2016,18:20
me3583cxm,2/5/2016,18:18
pxwq80iqpl,2/5/2016,18:18
xqin370gxy,2/5/2016,18:18
lr877rw,2/5/2016,18:18
ulp3214ix,2/5/2016,18:18
gi126bkb,2/5/2016,7:37
pxwq80iqpl,2/5/2016,7:37
wu13bnwg,2/5/2016,7:37
sk672eaqo,2/5/2016,7:37
rbx548dmq,2/5/2016,7:37
jk64wgcp,2/5/2016,7:29
lg1546kkwr,2/5/2016,7:29
ex36hc,2/5/2016,7:29
mf42ftn,2/5/2016,7:29
oe22wm,2/5/2016,7:29
xqin370gxy,2/5/2016,7:4
pxwq80iqpl,2/5/2016,7:4
lg1546kkwr,2/5/2016,7:4
rcs393bqo,2/5/2016,7:4
tb863ue,2/5/2016,7:4
ijb3648lsw,2/5/2016,7:31
vse9353eibs,2/5/2016,7:31
xkk09xk,2/5/2016,7:31
rcs393bqo,2/5/2016,7:31
meig27cgn,2/5/2016,7:31
ogs6060flj,2/5/2016,7:24
vse9353eibs,2/5/2016,7:24
meig27cgn,2/5/2016,7:24
mrtw16hina,2/5/2016,7:24
dcrv43stp,2/5/2016,7:24
pxwq80iqpl,2/5/2016,8:33
mf42ftn,2/5/2016,8:33
vlbg30ylqr,2/5/2016,8:33
smb117qhg,2/5/2016,8:33
ijb3648lsw,2/5/2016,8:33
vhfm841ctkf,2/5/2016,8:28
gi126bkb,2/5/2016,8:28
oy39bt,2/5/2016,8:28
at0092vovw,2/5/2016,8:28
fr01ape,2/5/2016,8:28
vhfm841ctkf,2/5/2016,8:25
ulp3214ix,2/5/2016,8:25
dcrv43stp,2/5/2016,8:25
oe22wm,2/5/2016,8:25
pru7926roq,2/5/2016,8:25
rcs393bqo,2/5/2016,8:24
vlbg30ylqr,2/5/2016,8:24
rbx548dmq,2/5/2016,8:24
sk672eaqo,2/5/2016,8:24
pxwq80iqpl,2/5/2016,8:24
rbj610hw,2/5/2016,8:43
xrm554tj,2/5/2016,8:43
mf42ftn,2/5/2016,8:43
gi126bkb,2/5/2016,8:43
ir98ia,2/5/2016,8:43
jk64wgcp,2/5/2016,5:20
vhfm841ctkf,2/5/2016,5:20
mrtw16hina,2/5/2016,5:20
pxwq80iqpl,2/5/2016,5:20
ijb3648lsw,2/5/2016,5:20
mf42ftn,2/5/2016,5:22
xx1320sx,2/5/2016,5:22
sk672eaqo,2/5/2016,5:22
pru7926roq,2/5/2016,5:22
argk67boie,2/5/2016,5:22
ir98ia,2/5/2016,5:31
xqin370gxy,2/5/2016,5:31
pru7926roq,2/5/2016,5:31
xkk09xk,2/5/2016,5:31
oe22wm,2/5/2016,5:31
rcs393bqo,2/5/2016,5:32
fr01ape,2/5/2016,5:32
xi795wn,2/5/2016,5:32
mrtw16hina,2/5/2016,5:32
ui7308gbf,2/5/2016,5:32
sim99uy,2/5/2016,5:45
ijb3648lsw,2/5/2016,5:45
me3583cxm,2/5/2016,5:45
tb863ue,2/5/2016,5:45
oe22wm,2/5/2016,5:45
sim99uy,1/5/2016,2:50
oy39bt,1/5/2016,2:50
dcrv43stp,1/5/2016,2:50
lg1546kkwr,1/5/2016,2:50
meig27cgn,1/5/2016,2:50
ex36hc,1/5/2016,2:53
xi795wn,1/5/2016,2:53
pru7926roq,1/5/2016,2:53
rbj610hw,1/5/2016,2:53
ir98ia,1/5/2016,2:53
tb863ue,1/5/2016,2:33
rbx548dmq,1/5/2016,2:33
pru7926roq,1/5/2016,2:33
hvdq3281nc,1/5/2016,2:33
wu13bnwg,1/5/2016,2:33
yhvk98wwo,1/5/2016,2:16
xqin370gxy,1/5/2016,2:16
rbj610hw,1/5/2016,2:16
uuue70tplp,1/5/2016,2:16
xx1320sx,1/5/2016,2:16
oe22wm,1/5/2016,2:49
meig27cgn,1/5/2016,2:49
dcrv43stp,1/5/2016,2:49
tb863ue,1/5/2016,2:49
xx1320sx,1/5/2016,2:49
xi795wn,1/5/2016,16:3
at0092vovw,1/5/2016,16:3
pru7926roq,1/5/2016,16:3
vlbg30ylqr,1/5/2016,16:3
uuue70tplp,1/5/2016,16:3
xrm554tj,1/5/2016,16:52
smb117qhg,1/5/2016,16:52
pru7926roq,1/5/2016,16:52
vhfm841ctkf,1/5/2016,16:52
lr877rw,1/5/2016,16:52
at0092vovw,1/5/2016,16:25
ui7308gbf,1/5/2016,16:25
gi126bkb,1/5/2016,16:25
meig27cgn,1/5/2016,16:25
sim99uy,1/5/2016,16:25
uuue70tplp,1/5/2016,16:7
vse9353eibs,1/5/2016,16:7
drjj039dt,1/5/2016,16:7
dcrv43stp,1/5/2016,16:7
me3583cxm,1/5/2016,16:7
oe22wm,1/5/2016,16:6
fhbm1548mlie,1/5/2016,16:6
meig27cgn,1/5/2016,16:6
xqin370gxy,1/5/2016,16:6
ijb3648lsw,1/5/2016,16:6
at0092vovw,1/5/2016,0:51
hn719linu,1/5/2016,0:51
gi126bkb,1/5/2016,0:51
hmf824an,1/5/2016,0:51
lr877rw,1/5/2016,0:51
mrtw16hina,1/5/2016,0:26
fr01ape,1/5/2016,0:26
pru7926roq,1/5/2016,0:26
argk67boie,1/5/2016,0:26
jqbd1899wyy,1/5/2016,0:26
dcrv43stp,1/5/2016,0:44
argk67boie,1/5/2016,0:44
ijb3648lsw,1/5/2016,0:44
hn719linu,1/5/2016,0:44
pru7926roq,1/5/2016,0:44
qxsp2555mjj,1/5/2016,0:33
ui7308gbf,1/5/2016,0:33
hvdq3281nc,1/5/2016,0:33
xi795wn,1/5/2016,0:33
tb863ue,1/5/2016,0:33
xi795wn,1/5/2016,0:41
xqin370gxy,1/5/2016,0:41
yhvk98wwo,1/5/2016,0:41
ex36hc,1/5/2016,0:41
rcs393bqo,1/5/2016,0:41
drjj039dt,1/5/2016,15:43
ogs6060flj,1/5/2016,15:43
jqbd1899wyy,1/5/2016,15:43
fhbm1548mlie,1/5/2016,15:43
ulp3214ix,1/5/2016,15:43
tb863ue,1/5/2016,15:36
at0092vovw,1/5/2016,15:36
me3583cxm,1/5/2016,15:36
fr01ape,1/5/2016,15:36
ogs6060flj,1/5/2016,15:36
sim99uy,1/5/2016,15:5
ir98ia,1/5/2016,15:5
xqin370gxy,1/5/2016,15:5
hvdq3281nc,1/5/2016,15:5
lr877rw,1/5/2016,15:5
lg1546kkwr,1/5/2016,15:42
vse9353eibs,1/5/2016,15:42
ex36hc,1/5/2016,15:42
uuue70tplp,1/5/2016,15:42
rbj610hw,1/5/2016,15:42
jk64wgcp,1/5/2016,15:19
hvdq3281nc,1/5/2016,15:19
drjj039dt,1/5/2016,15:19
lr877rw,1/5/2016,15:19
uuue70tplp,1/5/2016,15:19
vhfm841ctkf,1/5/2016,23:28
wu13bnwg,1/5/2016,23:28
argk67boie,1/5/2016,23:28
pxwq80iqpl,1/5/2016,23:28
tb863ue,1/5/2016,23:28
lg1546kkwr,1/5/2016,23:27
oe22wm,1/5/2016,23:27
hvdq3281nc,1/5/2016,23:27
vse9353eibs,1/5/2016,23:27
rcs393bqo,1/5/2016,23:27
meig27cgn,1/5/2016,23:6
sk672eaqo,1/5/2016,23:6
yhvk98wwo,1/5/2016,23:6
jk64wgcp,1/5/2016,23:6
fa479tj,1/5/2016,23:6
pru7926roq,1/5/2016,23:44
rbx548dmq,1/5/2016,23:44
qxsp2555mjj,1/5/2016,23:44
ulp3214ix,1/5/2016,23:44
xqin370gxy,1/5/2016,23:44
oe22wm,1/5/2016,23:55
rbj610hw,1/5/2016,23:55
xi795wn,1/5/2016,23:55
xrm554tj,1/5/2016,23:55
mf42ftn,1/5/2016,23:55
xx1320sx,24/5/2016,14:39
rbj610hw,24/5/2016,14:39
argk67boie,24/5/2016,14:39
meig27cgn,24/5/2016,14:39
tb863ue,24/5/2016,14:39
jqbd1899wyy,24/5/2016,14:9
uuue70tplp,24/5/2016,14:9
argk67boie,24/5/2016,14:9
hmf824an,24/5/2016,14:9
jk64wgcp,24/5/2016,14:9
xqin370gxy,24/5/2016,14:11
sk672eaqo,24/5/2016,14:11
hvdq3281nc,24/5/2016,14:11
smb117qhg,24/5/2016,14:11
ogs6060flj,24/5/2016,14:11
uuue70tplp,24/5/2016,14:21
me3583cxm,24/5/2016,14:21
qxsp2555mjj,24/5/2016,14:21
hmf824an,24/5/2016,14:21
vhfm841ctkf,24/5/2016,14:21
fa479tj,24/5/2016,14:46
wu13bnwg,24/5/2016,14:46
fr01ape,24/5/2016,14:46
xrm554tj,24/5/2016,14:46
dcrv43stp,24/5/2016,14:46
mf42ftn,24/5/2016,23:41
oe22wm,24/5/2016,23:41
xqin370gxy,24/5/2016,23:41
ijb3648lsw,24/5/2016,23:41
hvdq3281nc,24/5/2016,23:41
vhfm841ctkf,24/5/2016,23:8
vse9353eibs,24/5/2016,23:8
uuue70tplp,24/5/2016,23:8
rbx548dmq,24/5/2016,23:8
ex36hc,24/5/2016,23:8
ui7308gbf,24/5/2016,23:21
xrm554tj,24/5/2016,23:21
pru7926roq,24/5/2016,23:21
fa479tj,24/5/2016,23:21
xqin370gxy,24/5/2016,23:21
ui7308gbf,24/5/2016,23:54
xrm554tj,24/5/2016,23:54
mrtw16hina,24/5/2016,23:54
dcrv43stp,24/5/2016,23:54
ulp3214ix,24/5/2016,23:54
gi126bkb,24/5/2016,23:13
jqbd1899wyy,24/5/2016,23:13
ex36hc,24/5/2016,23:13
ijb3648lsw,24/5/2016,23:13
hvdq3281nc,24/5/2016,23:13
vlbg30ylqr,24/5/2016,11:48
drjj039dt,24/5/2016,11:48
ex36hc,24/5/2016,11:48
qxsp2555mjj,24/5/2016,11:48
xx1320sx,24/5/2016,11:48
jk64wgcp,24/5/2016,11:14
xqin370gxy,24/5/2016,11:14
fr01ape,24/5/2016,11:14
ex36hc,24/5/2016,11:14
me3583cxm,24/5/2016,11:14
me3583cxm,24/5/2016,11:34
yhvk98wwo,24/5/2016,11:34
xi795wn,24/5/2016,11:34
ijb3648lsw,24/5/2016,11:34
pxwq80iqpl,24/5/2016,11:34
vlbg30ylqr,24/5/2016,11:47
sim99uy,24/5/2016,11:47
smb117qhg,24/5/2016,11:47
mf42ftn,24/5/2016,11:47
ex36hc,24/5/2016,11:47
pru7926roq,24/5/2016,11:30
gi126bkb,24/5/2016,11:30
ui7308gbf,24/5/2016,11:30
hvdq3281nc,24/5/2016,11:30
jxj97ey,24/5/2016,11:30
argk67boie,24/5/2016,20:59
drjj039dt,24/5/2016,20:59
smb117qhg,24/5/2016,20:59
gi126bkb,24/5/2016,20:59
sk672eaqo,24/5/2016,20:59
pru7926roq,24/5/2016,20:48
me3583cxm,24/5/2016,20:48
oe22wm,24/5/2016,20:48
fr01ape,24/5/2016,20:48
xkk09xk,24/5/2016,20:48
fa479tj,24/5/2016,20:0
xrm554tj,24/5/2016,20:0
xi795wn,24/5/2016,20:0
ir98ia,24/5/2016,20:0
lg1546kkwr,24/5/2016,20:0
xkk09xk,24/5/2016,20:46
mf42ftn,24/5/2016,20:46
fhbm1548mlie,24/5/2016,20:46
dcrv43stp,24/5/2016,20:46
uuue70tplp,24/5/2016,20:46
vlbg30ylqr,24/5/2016,20:38
xi795wn,24/5/2016,20:38
fhbm1548mlie,24/5/2016,20:38
hmf824an,24/5/2016,20:38
wu13bnwg,24/5/2016,20:38
lr877rw,24/5/2016,7:11
fa479tj,24/5/2016,7:11
mf42ftn,24/5/2016,7:11
qxsp2555mjj,24/5/2016,7:11
mrtw16hina,24/5/2016,7:11
tb863ue,24/5/2016,7:55
fr01ape,24/5/2016,7:55
sim99uy,24/5/2016,7:55
hn719linu,24/5/2016,7:55
pxwq80iqpl,24/5/2016,7:55
ir98ia,24/5/2016,7:43
fa479tj,24/5/2016,7:43
tb863ue,24/5/2016,7:43
ui7308gbf,24/5/2016,7:43
lg1546kkwr,24/5/2016,7:43
jxj97ey,24/5/2016,7:16
sim99uy,24/5/2016,7:16
vhfm841ctkf,24/5/2016,7:16
jk64wgcp,24/5/2016,7:16
dcrv43stp,24/5/2016,7:16
hn719linu,24/5/2016,7:49
qxsp2555mjj,24/5/2016,7:49
jqbd1899wyy,24/5/2016,7:49
mf42ftn,24/5/2016,7:49
sk672eaqo,24/5/2016,7:49
gi126bkb,30/6/2016,22:59
lg1546kkwr,30/6/2016,22:59
drjj039dt,30/6/2016,22:59
smb117qhg,30/6/2016,22:59
ogs6060flj,30/6/2016,22:59
xx1320sx,30/6/2016,22:2
ijb3648lsw,30/6/2016,22:2
qxsp2555mjj,30/6/2016,22:2
dcrv43stp,30/6/2016,22:2
at0092vovw,30/6/2016,22:2
vlbg30ylqr,30/6/2016,22:28
yhvk98wwo,30/6/2016,22:28
sim99uy,30/6/2016,22:28
xi795wn,30/6/2016,22:28
hmf824an,30/6/2016,22:28
hvdq3281nc,30/6/2016,22:52
pru7926roq,30/6/2016,22:52
fa479tj,30/6/2016,22:52
hn719linu,30/6/2016,22:52
xqin370gxy,30/6/2016,22:52
smb117qhg,30/6/2016,22:49
uuue70tplp,30/6/2016,22:49
me3583cxm,30/6/2016,22:49
lr877rw,30/6/2016,22:49
vse9353eibs,30/6/2016,22:49
lg1546kkwr,30/6/2016,7:36
vlbg30ylqr,30/6/2016,7:36
ui7308gbf,30/6/2016,7:36
gi126bkb,30/6/2016,7:36
jxj97ey,30/6/2016,7:36
argk67boie,30/6/2016,7:9
uuue70tplp,30/6/2016,7:9
drjj039dt,30/6/2016,7:9
pxwq80iqpl,30/6/2016,7:9
lr877rw,30/6/2016,7:9
rcs393bqo,30/6/2016,7:49
uuue70tplp,30/6/2016,7:49
oe22wm,30/6/2016,7:49
jqbd1899wyy,30/6/2016,7:49
gi126bkb,30/6/2016,7:49
fr01ape,30/6/2016,7:20
xrm554tj,30/6/2016,7:20
vlbg30ylqr,30/6/2016,7:20
xqin370gxy,30/6/2016,7:20
ulp3214ix,30/6/2016,7:20
mrtw16hina,30/6/2016,7:52
ir98ia,30/6/2016,7:52
tb863ue,30/6/2016,7:52
jk64wgcp,30/6/2016,7:52
wu13bnwg,30/6/2016,7:52
rbj610hw,30/6/2016,21:42
ogs6060flj,30/6/2016,21:42
fa479tj,30/6/2016,21:42
jk64wgcp,30/6/2016,21:42
ir98ia,30/6/2016,21:42
sim99uy,30/6/2016,21:16
jqbd1899wyy,30/6/2016,21:16
yhvk98wwo,30/6/2016,21:16
wu13bnwg,30/6/2016,21:16
vse9353eibs,30/6/2016,21:16
xi795wn,30/6/2016,21:19
lg1546kkwr,30/6/2016,21:19
vhfm841ctkf,30/6/2016,21:19
sim99uy,30/6/2016,21:19
jxj97ey,30/6/2016,21:19
at0092vovw,30/6/2016,21:20
jqbd1899wyy,30/6/2016,21:20
smb117qhg,30/6/2016,21:20
xi795wn,30/6/2016,21:20
gi126bkb,30/6/2016,21:20
wu13bnwg,30/6/2016,21:30
drjj039dt,30/6/2016,21:30
vhfm841ctkf,30/6/2016,21:30
rbj610hw,30/6/2016,21:30
rcs393bqo,30/6/2016,21:30
gi126bkb,30/6/2016,13:3
pru7926roq,30/6/2016,13:3
ijb3648lsw,30/6/2016,13:3
smb117qhg,30/6/2016,13:3
vhfm841ctkf,30/6/2016,13:3
xrm554tj,30/6/2016,13:26
vlbg30ylqr,30/6/2016,13:26
jqbd1899wyy,30/6/2016,13:26
pxwq80iqpl,30/6/2016,13:26
wu13bnwg,30/6/2016,13:26
argk67boie,30/6/2016,13:59
mf42ftn,30/6/2016,13:59
ex36hc,30/6/2016,13:59
lg1546kkwr,30/6/2016,13:59
rbx548dmq,30/6/2016,13:59
rbx548dmq,30/6/2016,13:44
pru7926roq,30/6/2016,13:44
jxj97ey,30/6/2016,13:44
me3583cxm,30/6/2016,13:44
oy39bt,30/6/2016,13:44
rbx548dmq,30/6/2016,13:33
lr877rw,30/6/2016,13:33
tb863ue,30/6/2016,13:33
hvdq3281nc,30/6/2016,13:33
jqbd1899wyy,30/6/2016,13:33
ir98ia,30/6/2016,10:39
yhvk98wwo,30/6/2016,10:39
jk64wgcp,30/6/2016,10:39
ogs6060flj,30/6/2016,10:39
ulp3214ix,30/6/2016,10:39
rbj610hw,30/6/2016,10:47
jk64wgcp,30/6/2016,10:47
oy39bt,30/6/2016,10:47
ogs6060flj,30/6/2016,10:47
ui7308gbf,30/6/2016,10:47
fr01ape,30/6/2016,10:21
fa479tj,30/6/2016,10:21
xi795wn,30/6/2016,10:21
meig27cgn,30/6/2016,10:21
oy39bt,30/6/2016,10:21
xkk09xk,30/6/2016,10:13
lr877rw,30/6/2016,10:13
pxwq80iqpl,30/6/2016,10:13
ijb3648lsw,30/6/2016,10:13
at0092vovw,30/6/2016,10:13
meig27cgn,30/6/2016,10:18
ir98ia,30/6/2016,10:18
sim99uy,30/6/2016,10:18
vlbg30ylqr,30/6/2016,10:18
rbj610hw,30/6/2016,10:18
mf42ftn,9/6/2016,15:16
rbj610hw,9/6/2016,15:16
vhfm841ctkf,9/6/2016,15:16
drjj039dt,9/6/2016,15:16
oe22wm,9/6/2016,15:16
pxwq80iqpl,9/6/2016,15:29
mf42ftn,9/6/2016,15:29
ir98ia,9/6/2016,15:29
rbj610hw,9/6/2016,15:29
fr01ape,9/6/2016,15:29
sim99uy,9/6/2016,15:48
ir98ia,9/6/2016,15:48
xi795wn,9/6/2016,15:48
jxj97ey,9/6/2016,15:48
smb117qhg,9/6/2016,15:48
vse9353eibs,9/6/2016,15:50
ex36hc,9/6/2016,15:50
ir98ia,9/6/2016,15:50
argk67boie,9/6/2016,15:50
sk672eaqo,9/6/2016,15:50
vse9353eibs,9/6/2016,15:32
yhvk98wwo,9/6/2016,15:32
ui7308gbf,9/6/2016,15:32
ijb3648lsw,9/6/2016,15:32
mrtw16hina,9/6/2016,15:32
yhvk98wwo,9/6/2016,17:3
vlbg30ylqr,9/6/2016,17:3
sk672eaqo,9/6/2016,17:3
drjj039dt,9/6/2016,17:3
ogs6060flj,9/6/2016,17:3
tb863ue,9/6/2016,17:53
jqbd1899wyy,9/6/2016,17:53
argk67boie,9/6/2016,17:53
mf42ftn,9/6/2016,17:53
oe22wm,9/6/2016,17:53
hmf824an,9/6/2016,17:45
drjj039dt,9/6/2016,17:45
sim99uy,9/6/2016,17:45
xkk09xk,9/6/2016,17:45
mf42ftn,9/6/2016,17:45
me3583cxm,9/6/2016,17:8
vse9353eibs,9/6/2016,17:8
qxsp2555mjj,9/6/2016,17:8
fr01ape,9/6/2016,17:8
pru7926roq,9/6/2016,17:8
xkk09xk,9/6/2016,17:54
sk672eaqo,9/6/2016,17:54
jk64wgcp,9/6/2016,17:54
uuue70tplp,9/6/2016,17:54
wu13bnwg,9/6/2016,17:54
hn719linu,9/6/2016,16:49
oe22wm,9/6/2016,16:49
jqbd1899wyy,9/6/2016,16:49
hvdq3281nc,9/6/2016,16:49
ijb3648lsw,9/6/2016,16:49
xkk09xk,9/6/2016,16:12
hvdq3281nc,9/6/2016,16:12
xqin370gxy,9/6/2016,16:12
yhvk98wwo,9/6/2016,16:12
wu13bnwg,9/6/2016,16:12
jxj97ey,9/6/2016,16:31
me3583cxm,9/6/2016,16:31
rbx548dmq,9/6/2016,16:31
drjj039dt,9/6/2016,16:31
oy39bt,9/6/2016,16:31
xx1320sx,9/6/2016,16:8
oe22wm,9/6/2016,16:8
ogs6060flj,9/6/2016,16:8
lg1546kkwr,9/6/2016,16:8
ir98ia,9/6/2016,16:8
dcrv43stp,9/6/2016,16:48
xrm554tj,9/6/2016,16:48
ex36hc,9/6/2016,16:48
vse9353eibs,9/6/2016,16:48
rcs393bqo,9/6/2016,16:48
xrm554tj,9/6/2016,4:5
sim99uy,9/6/2016,4:5
at0092vovw,9/6/2016,4:5
xi795wn,9/6/2016,4:5
smb117qhg,9/6/2016,4:5
sk672eaqo,9/6/2016,4:26
rbx548dmq,9/6/2016,4:26
ir98ia,9/6/2016,4:26
me3583cxm,9/6/2016,4:26
ui7308gbf,9/6/2016,4:26
sk672eaqo,9/6/2016,4:2
fa479tj,9/6/2016,4:2
wu13bnwg,9/6/2016,4:2
lg1546kkwr,9/6/2016,4:2
smb117qhg,9/6/2016,4:2
qxsp2555mjj,9/6/2016,4:55
wu13bnwg,9/6/2016,4:55
sim99uy,9/6/2016,4:55
dcrv43stp,9/6/2016,4:55
hmf824an,9/6/2016,4:55
fr01ape,9/6/2016,4:43
smb117qhg,9/6/2016,4:43
mf42ftn,9/6/2016,4:43
jqbd1899wyy,9/6/2016,4:43
ogs6060flj,9/6/2016,4:43
meig27cgn,9/6/2016,10:39
uuue70tplp,9/6/2016,10:39
wu13bnwg,9/6/2016,10:39
pru7926roq,9/6/2016,10:39
smb117qhg,9/6/2016,10:39
ijb3648lsw,9/6/2016,10:28
lr877rw,9/6/2016,10:28
ulp3214ix,9/6/2016,10:28
jqbd1899wyy,9/6/2016,10:28
hvdq3281nc,9/6/2016,10:28
ex36hc,9/6/2016,10:52
oe22wm,9/6/2016,10:52
oy39bt,9/6/2016,10:52
meig27cgn,9/6/2016,10:52
yhvk98wwo,9/6/2016,10:52
ulp3214ix,9/6/2016,10:42
sk672eaqo,9/6/2016,10:42
xrm554tj,9/6/2016,10:42
rcs393bqo,9/6/2016,10:42
hn719linu,9/6/2016,10:42
vlbg30ylqr,9/6/2016,10:48
rcs393bqo,9/6/2016,10:48
smb117qhg,9/6/2016,10:48
yhvk98wwo,9/6/2016,10:48
me3583cxm,9/6/2016,10:48
ogs6060flj,3/6/2016,21:58
dcrv43stp,3/6/2016,21:58
fhbm1548mlie,3/6/2016,21:58
jxj97ey,3/6/2016,21:58
xrm554tj,3/6/2016,21:58
dcrv43stp,3/6/2016,21:27
vse9353eibs,3/6/2016,21:27
lg1546kkwr,3/6/2016,21:27
smb117qhg,3/6/2016,21:27
vlbg30ylqr,3/6/2016,21:27
ex36hc,3/6/2016,21:47
yhvk98wwo,3/6/2016,21:47
rbj610hw,3/6/2016,21:47
oy39bt,3/6/2016,21:47
tb863ue,3/6/2016,21:47
at0092vovw,3/6/2016,21:41
wu13bnwg,3/6/2016,21:41
uuue70tplp,3/6/2016,21:41
xkk09xk,3/6/2016,21:41
drjj039dt,3/6/2016,21:41
rcs393bqo,3/6/2016,21:44
wu13bnwg,3/6/2016,21:44
lr877rw,3/6/2016,21:44
sk672eaqo,3/6/2016,21:44
vse9353eibs,3/6/2016,21:44
sk672eaqo,3/6/2016,0:46
me3583cxm,3/6/2016,0:46
yhvk98wwo,3/6/2016,0:46
ui7308gbf,3/6/2016,0:46
vlbg30ylqr,3/6/2016,0:46
uuue70tplp,3/6/2016,0:30
vhfm841ctkf,3/6/2016,0:30
lg1546kkwr,3/6/2016,0:30
mf42ftn,3/6/2016,0:30
pru7926roq,3/6/2016,0:30
sim99uy,3/6/2016,0:26
jqbd1899wyy,3/6/2016,0:26
dcrv43stp,3/6/2016,0:26
lg1546kkwr,3/6/2016,0:26
fa479tj,3/6/2016,0:26
rcs393bqo,3/6/2016,0:54
ogs6060flj,3/6/2016,0:54
yhvk98wwo,3/6/2016,0:54
oe22wm,3/6/2016,0:54
jxj97ey,3/6/2016,0:54
mf42ftn,3/6/2016,0:24
fhbm1548mlie,3/6/2016,0:24
pxwq80iqpl,3/6/2016,0:24
fr01ape,3/6/2016,0:24
dcrv43stp,3/6/2016,0:24
tb863ue,3/6/2016,8:30
qxsp2555mjj,3/6/2016,8:30
vhfm841ctkf,3/6/2016,8:30
jqbd1899wyy,3/6/2016,8:30
smb117qhg,3/6/2016,8:30
wu13bnwg,3/6/2016,8:17
fr01ape,3/6/2016,8:17
hvdq3281nc,3/6/2016,8:17
argk67boie,3/6/2016,8:17
smb117qhg,3/6/2016,8:17
meig27cgn,3/6/2016,8:9
ijb3648lsw,3/6/2016,8:9
vlbg30ylqr,3/6/2016,8:9
fa479tj,3/6/2016,8:9
hvdq3281nc,3/6/2016,8:9
smb117qhg,3/6/2016,8:32
yhvk98wwo,3/6/2016,8:32
me3583cxm,3/6/2016,8:32
xx1320sx,3/6/2016,8:32
sk672eaqo,3/6/2016,8:32
ui7308gbf,3/6/2016,8:58
ogs6060flj,3/6/2016,8:58
xqin370gxy,3/6/2016,8:58
xi795wn,3/6/2016,8:58
at0092vovw,3/6/2016,8:58
fr01ape,3/6/2016,13:7
drjj039dt,3/6/2016,13:7
dcrv43stp,3/6/2016,13:7
me3583cxm,3/6/2016,13:7
fa479tj,3/6/2016,13:7
oe22wm,3/6/2016,13:51
drjj039dt,3/6/2016,13:51
ir98ia,3/6/2016,13:51
argk67boie,3/6/2016,13:51
jqbd1899wyy,3/6/2016,13:51
fhbm1548mlie,3/6/2016,13:56
yhvk98wwo,3/6/2016,13:56
lr877rw,3/6/2016,13:56
mrtw16hina,3/6/2016,13:56
rbj610hw,3/6/2016,13:56
rcs393bqo,3/6/2016,13:18
sk672eaqo,3/6/2016,13:18
xi795wn,3/6/2016,13:18
ogs6060flj,3/6/2016,13:18
uuue70tplp,3/6/2016,13:18
ex36hc,3/6/2016,13:13
fa479tj,3/6/2016,13:13
mrtw16hina,3/6/2016,13:13
oy39bt,3/6/2016,13:13
uuue70tplp,3/6/2016,13:13
drjj039dt,3/6/2016,18:49
jk64wgcp,3/6/2016,18:49
dcrv43stp,3/6/2016,18:49
qxsp2555mjj,3/6/2016,18:49
xkk09xk,3/6/2016,18:49
dcrv43stp,3/6/2016,18:10
xkk09xk,3/6/2016,18:10
rbx548dmq,3/6/2016,18:10
gi126bkb,3/6/2016,18:10
drjj039dt,3/6/2016,18:10
vlbg30ylqr,3/6/2016,18:50
xi795wn,3/6/2016,18:50
ex36hc,3/6/2016,18:50
rcs393bqo,3/6/2016,18:50
fhbm1548mlie,3/6/2016,18:50
hvdq3281nc,3/6/2016,18:29
yhvk98wwo,3/6/2016,18:29
vse9353eibs,3/6/2016,18:29
mf42ftn,3/6/2016,18:29
sk672eaqo,3/6/2016,18:29
xx1320sx,3/6/2016,18:51
xqin370gxy,3/6/2016,18:51
yhvk98wwo,3/6/2016,18:51
rbj610hw,3/6/2016,18:51
qxsp2555mjj,3/6/2016,18:51
ir98ia,26/6/2016,6:44
mrtw16hina,26/6/2016,6:44
mf42ftn,26/6/2016,6:44
uuue70tplp,26/6/2016,6:44
ulp3214ix,26/6/2016,6:44
jxj97ey,26/6/2016,6:33
ir98ia,26/6/2016,6:33
xx1320sx,26/6/2016,6:33
rcs393bqo,26/6/2016,6:33
mf42ftn,26/6/2016,6:33
mf42ftn,26/6/2016,6:12
ir98ia,26/6/2016,6:12
sim99uy,26/6/2016,6:12
jxj97ey,26/6/2016,6:12
qxsp2555mjj,26/6/2016,6:12
wu13bnwg,26/6/2016,6:40
dcrv43stp,26/6/2016,6:40
ir98ia,26/6/2016,6:40
mf42ftn,26/6/2016,6:40
ulp3214ix,26/6/2016,6:40
ulp3214ix,26/6/2016,6:17
gi126bkb,26/6/2016,6:17
hvdq3281nc,26/6/2016,6:17
wu13bnwg,26/6/2016,6:17
ui7308gbf,26/6/2016,6:17
fhbm1548mlie,26/6/2016,20:29
sim99uy,26/6/2016,20:29
ogs6060flj,26/6/2016,20:29
xrm554tj,26/6/2016,20:29
vlbg30ylqr,26/6/2016,20:29
qxsp2555mjj,26/6/2016,20:55
jqbd1899wyy,26/6/2016,20:55
mrtw16hina,26/6/2016,20:55
smb117qhg,26/6/2016,20:55
xqin370gxy,26/6/2016,20:55
meig27cgn,26/6/2016,20:4
wu13bnwg,26/6/2016,20:4
vlbg30ylqr,26/6/2016,20:4
me3583cxm,26/6/2016,20:4
ijb3648lsw,26/6/2016,20:4
lg1546kkwr,26/6/2016,20:28
fr01ape,26/6/2016,20:28
xkk09xk,26/6/2016,20:28
vhfm841ctkf,26/6/2016,20:28
hn719linu,26/6/2016,20:28
sim99uy,26/6/2016,20:17
vlbg30ylqr,26/6/2016,20:17
rbx548dmq,26/6/2016,20:17
ir98ia,26/6/2016,20:17
pxwq80iqpl,26/6/2016,20:17
fr01ape,26/6/2016,12:36
hmf824an,26/6/2016,12:36
oy39bt,26/6/2016,12:36
yhvk98wwo,26/6/2016,12:36
xi795wn,26/6/2016,12:36
uuue70tplp,26/6/2016,12:41
vse9353eibs,26/6/2016,12:41
xkk09xk,26/6/2016,12:41
ijb3648lsw,26/6/2016,12:41
lg1546kkwr,26/6/2016,12:41
hmf824an,26/6/2016,12:19
xx1320sx,26/6/2016,12:19
oe22wm,26/6/2016,12:19
argk67boie,26/6/2016,12:19
jk64wgcp,26/6/2016,12:19
ui7308gbf,26/6/2016,12:38
rbx548dmq,26/6/2016,12:38
at0092vovw,26/6/2016,12:38
ir98ia,26/6/2016,12:38
smb117qhg,26/6/2016,12:38
hmf824an,26/6/2016,12:13
mrtw16hina,26/6/2016,12:13
sk672eaqo,26/6/2016,12:13
rcs393bqo,26/6/2016,12:13
wu13bnwg,26/6/2016,12:13
drjj039dt,26/6/2016,7:40
pru7926roq,26/6/2016,7:40
at0092vovw,26/6/2016,7:40
xrm554tj,26/6/2016,7:40
vlbg30ylqr,26/6/2016,7:40
jk64wgcp,26/6/2016,7:37
ui7308gbf,26/6/2016,7:37
ex36hc,26/6/2016,7:37
at0092vovw,26/6/2016,7:37
xi795wn,26/6/2016,7:37
xrm554tj,26/6/2016,7:30
sim99uy,26/6/2016,7:30
ir98ia,26/6/2016,7:30
mf42ftn,26/6/2016,7:30
tb863ue,26/6/2016,7:30
rcs393bqo,26/6/2016,7:41
tb863ue,26/6/2016,7:41
fhbm1548mlie,26/6/2016,7:41
lg1546kkwr,26/6/2016,7:41
meig27cgn,26/6/2016,7:41
fa479tj,26/6/2016,7:39
rbj610hw,26/6/2016,7:39
qxsp2555mjj,26/6/2016,7:39
xqin370gxy,26/6/2016,7:39
mrtw16hina,26/6/2016,7:39
hn719linu,26/6/2016,4:41
ulp3214ix,26/6/2016,4:41
lg1546kkwr,26/6/2016,4:41
drjj039dt,26/6/2016,4:41
oe22wm,26/6/2016,4:41
hmf824an,26/6/2016,4:46
rbx548dmq,26/6/2016,4:46
gi126bkb,26/6/2016,4:46
jxj97ey,26/6/2016,4:46
argk67boie,26/6/2016,4:46
rcs393bqo,26/6/2016,4:6
vlbg30ylqr,26/6/2016,4:6
lg1546kkwr,26/6/2016,4:6
drjj039dt,26/6/2016,4:6
ex36hc,26/6/2016,4:6
mf42ftn,26/6/2016,4:3
ir98ia,26/6/2016,4:3
argk67boie,26/6/2016,4:3
jqbd1899wyy,26/6/2016,4:3
hvdq3281nc,26/6/2016,4:3
xrm554tj,26/6/2016,4:28
ijb3648lsw,26/6/2016,4:28
lr877rw,26/6/2016,4:28
gi126bkb,26/6/2016,4:28
argk67boie,26/6/2016,4:28
yhvk98wwo,8/6/2016,4:35
xkk09xk,8/6/2016,4:35
qxsp2555mjj,8/6/2016,4:35
ulp3214ix,8/6/2016,4:35
rbx548dmq,8/6/2016,4:35
drjj039dt,8/6/2016,4:50
xkk09xk,8/6/2016,4:50
pru7926roq,8/6/2016,4:50
hmf824an,8/6/2016,4:50
me3583cxm,8/6/2016,4:50
jqbd1899wyy,8/6/2016,4:56
ui7308gbf,8/6/2016,4:56
ir98ia,8/6/2016,4:56
xkk09xk,8/6/2016,4:56
gi126bkb,8/6/2016,4:56
xi795wn,8/6/2016,4:25
ulp3214ix,8/6/2016,4:25
smb117qhg,8/6/2016,4:25
hvdq3281nc,8/6/2016,4:25
lr877rw,8/6/2016,4:25
yhvk98wwo,8/6/2016,4:53
hmf824an,8/6/2016,4:53
fr01ape,8/6/2016,4:53
xqin370gxy,8/6/2016,4:53
ulp3214ix,8/6/2016,4:53
fr01ape,8/6/2016,6:56
hmf824an,8/6/2016,6:56
at0092vovw,8/6/2016,6:56
drjj039dt,8/6/2016,6:56
vse9353eibs,8/6/2016,6:56
ogs6060flj,8/6/2016,6:7
qxsp2555mjj,8/6/2016,6:7
hn719linu,8/6/2016,6:7
oy39bt,8/6/2016,6:7
ir98ia,8/6/2016,6:7
dcrv43stp,8/6/2016,6:4
tb863ue,8/6/2016,6:4
uuue70tplp,8/6/2016,6:4
hmf824an,8/6/2016,6:4
sim99uy,8/6/2016,6:4
yhvk98wwo,8/6/2016,6:31
xi795wn,8/6/2016,6:31
lg1546kkwr,8/6/2016,6:31
hn719linu,8/6/2016,6:31
ex36hc,8/6/2016,6:31
rcs393bqo,8/6/2016,6:41
tb863ue,8/6/2016,6:41
sk672eaqo,8/6/2016,6:41
rbx548dmq,8/6/2016,6:41
ir98ia,8/6/2016,6:41
wu13bnwg,8/6/2016,19:51
ui7308gbf,8/6/2016,19:51
sim99uy,8/6/2016,19:51
vlbg30ylqr,8/6/2016,19:51
xi795wn,8/6/2016,19:51
hvdq3281nc,8/6/2016,19:58
hmf824an,8/6/2016,19:58
meig27cgn,8/6/2016,19:58
xqin370gxy,8/6/2016,19:58
sim99uy,8/6/2016,19:58
oy39bt,8/6/2016,19:48
ui7308gbf,8/6/2016,19:48
pxwq80iqpl,8/6/2016,19:48
me3583cxm,8/6/2016,19:48
vse9353eibs,8/6/2016,19:48
xkk09xk,8/6/2016,19:53
dcrv43stp,8/6/2016,19:53
fa479tj,8/6/2016,19:53
at0092vovw,8/6/2016,19:53
pxwq80iqpl,8/6/2016,19:53
mrtw16hina,8/6/2016,19:25
xx1320sx,8/6/2016,19:25
me3583cxm,8/6/2016,19:25
ijb3648lsw,8/6/2016,19:25
lg1546kkwr,8/6/2016,19:25
at0092vovw,8/6/2016,10:14
sk672eaqo,8/6/2016,10:14
mrtw16hina,8/6/2016,10:14
ulp3214ix,8/6/2016,10:14
hmf824an,8/6/2016,10:14
yhvk98wwo,8/6/2016,10:31
at0092vovw,8/6/2016,10:31
xx1320sx,8/6/2016,10:31
lg1546kkwr,8/6/2016,10:31
rbj610hw,8/6/2016,10:31
xx1320sx,8/6/2016,10:15
ir98ia,8/6/2016,10:15
mf42ftn,8/6/2016,10:15
jk64wgcp,8/6/2016,10:15
sim99uy,8/6/2016,10:15
mrtw16hina,8/6/2016,10:34
ir98ia,8/6/2016,10:34
sk672eaqo,8/6/2016,10:34
ui7308gbf,8/6/2016,10:34
meig27cgn,8/6/2016,10:34
xx1320sx,8/6/2016,10:9
fa479tj,8/6/2016,10:9
sim99uy,8/6/2016,10:9
lr877rw,8/6/2016,10:9
xqin370gxy,8/6/2016,10:9
hn719linu,8/6/2016,20:51
vlbg30ylqr,8/6/2016,20:51
jxj97ey,8/6/2016,20:51
tb863ue,8/6/2016,20:51
vse9353eibs,8/6/2016,20:51
rcs393bqo,8/6/2016,20:40
lr877rw,8/6/2016,20:40
yhvk98wwo,8/6/2016,20:40
mrtw16hina,8/6/2016,20:40
vse9353eibs,8/6/2016,20:40
fa479tj,8/6/2016,20:19
hvdq3281nc,8/6/2016,20:19
vse9353eibs,8/6/2016,20:19
fhbm1548mlie,8/6/2016,20:19
ulp3214ix,8/6/2016,20:19
ex36hc,8/6/2016,20:44
fr01ape,8/6/2016,20:44
fhbm1548mlie,8/6/2016,20:44
qxsp2555mjj,8/6/2016,20:44
rbx548dmq,8/6/2016,20:44
tb863ue,8/6/2016,20:7
ui7308gbf,8/6/2016,20:7
ex36hc,8/6/2016,20:7
xqin370gxy,8/6/2016,20:7
vlbg30ylqr,8/6/2016,20:7
